-- Standalone Exported CFrame Animation Code
local AnimationData = {
    TotalFrames = 130,
    StepInterval = 0.01,
    Frames = {
        [1] = { Time = 0.00, Transforms = {
            ["Left Shoulder"] = CFrame.new(-0.000, 0.000, -0.000, 0.833, -0.090, 0.546, 0.029, 0.992, 0.119, -0.552, -0.083, 0.830),
            ["Right Shoulder"] = CFrame.new(0.000, 0.000, -0.000, 0.814, 0.057, -0.579, -0.002, 0.995, 0.096, 0.581, -0.078, 0.810),
            ["Right Hip"] = CFrame.new(0.004, 0.002, -0.000, 0.930, 0.036, -0.364, -0.001, 0.995, 0.098, 0.366, -0.091, 0.926),
            ["Neck"] = CFrame.new(0.000, 0.000, 0.000, 0.528, -0.849, 0.009, 0.849, 0.528, 0.015, -0.018, 0.000, 1.000),
            ["Left Hip"] = CFrame.new(0.084, 0.002, 0.088, 0.707, -0.091, 0.701, 0.000, 0.992, 0.128, -0.707, -0.090, 0.701),
            ["Motor6D"] = CFrame.new(0.000, -0.945, 0.000, 1.000, 0.000, 0.000, 0.000, 1.000, 0.000, 0.000, 0.000, 1.000),
            ["RootJoint"] = CFrame.new(-0.001, -0.001, -0.001, 0.500, 0.866, -0.001, -0.866, 0.500, -0.001, -0.000, 0.001, 1.000),
        }},
        [2] = { Time = 0.01, Transforms = {
            ["Left Shoulder"] = CFrame.new(-0.019, -0.027, 0.006, 0.882, -0.068, 0.466, -0.004, 0.988, 0.151, -0.471, -0.136, 0.872),
            ["Right Shoulder"] = CFrame.new(-0.001, -0.018, -0.003, 0.795, 0.088, -0.601, -0.003, 0.990, 0.141, 0.607, -0.110, 0.787),
            ["Right Hip"] = CFrame.new(0.048, 0.022, -0.033, 0.945, 0.031, -0.326, 0.003, 0.994, 0.106, 0.327, -0.101, 0.939),
            ["Neck"] = CFrame.new(0.000, 0.000, -0.000, 0.511, -0.859, 0.008, 0.859, 0.511, 0.018, -0.020, -0.003, 1.000),
            ["Left Hip"] = CFrame.new(0.068, 0.035, 0.095, 0.696, -0.080, 0.714, -0.017, 0.992, 0.128, -0.718, -0.102, 0.688),
            ["Motor6D"] = CFrame.new(0.000, -0.945, 0.000, 1.000, 0.000, 0.000, 0.000, 1.000, 0.000, 0.000, 0.000, 1.000),
            ["RootJoint"] = CFrame.new(0.007, 0.008, -0.026, 0.481, 0.877, -0.013, -0.877, 0.481, -0.020, -0.011, 0.021, 1.000),
        }},
        [3] = { Time = 0.02, Transforms = {
            ["Left Shoulder"] = CFrame.new(-0.055, -0.077, 0.017, 0.956, -0.003, 0.294, -0.065, 0.973, 0.220, -0.287, -0.230, 0.930),
            ["Right Shoulder"] = CFrame.new(-0.004, -0.052, -0.007, 0.768, 0.145, -0.624, -0.003, 0.975, 0.223, 0.640, -0.169, 0.749),
            ["Right Hip"] = CFrame.new(0.136, 0.062, -0.096, 0.968, 0.021, -0.251, 0.010, 0.993, 0.122, 0.251, -0.120, 0.960),
            ["Neck"] = CFrame.new(0.000, 0.000, -0.000, 0.480, -0.877, 0.007, 0.877, 0.480, 0.028, -0.028, -0.007, 1.000),
            ["Left Hip"] = CFrame.new(0.035, 0.100, 0.110, 0.672, -0.061, 0.738, -0.051, 0.991, 0.128, -0.739, -0.123, 0.663),
            ["Motor6D"] = CFrame.new(0.000, -0.945, 0.000, 1.000, 0.000, 0.000, 0.000, 1.000, 0.000, 0.000, 0.000, 1.000),
            ["RootJoint"] = CFrame.new(0.022, 0.023, -0.074, 0.445, 0.895, -0.037, -0.895, 0.442, -0.055, -0.033, 0.058, 0.998),
        }},
        [4] = { Time = 0.03, Transforms = {
            ["Left Shoulder"] = CFrame.new(-0.118, -0.167, 0.036, 0.988, 0.155, -0.023, -0.136, 0.922, 0.362, 0.078, -0.354, 0.932),
            ["Right Shoulder"] = CFrame.new(-0.009, -0.112, -0.016, 0.727, 0.245, -0.642, 0.004, 0.933, 0.360, 0.687, -0.264, 0.677),
            ["Right Hip"] = CFrame.new(0.291, 0.133, -0.206, 0.993, 0.000, -0.115, 0.017, 0.989, 0.150, 0.114, -0.151, 0.982),
            ["Neck"] = CFrame.new(0.000, 0.000, -0.000, 0.422, -0.907, 0.006, 0.905, 0.422, 0.047, -0.046, -0.014, 0.999),
            ["Left Hip"] = CFrame.new(-0.023, 0.216, 0.137, 0.628, -0.028, 0.778, -0.109, 0.986, 0.124, -0.771, -0.162, 0.616),
            ["Motor6D"] = CFrame.new(0.000, -0.945, 0.000, 1.000, 0.000, 0.000, 0.000, 1.000, 0.000, 0.000, 0.000, 1.000),
            ["RootJoint"] = CFrame.new(0.048, 0.050, -0.159, 0.380, 0.921, -0.084, -0.922, 0.369, -0.115, -0.075, 0.121, 0.990),
        }},
        [5] = { Time = 0.04, Transforms = {
            ["Left Shoulder"] = CFrame.new(-0.164, -0.232, 0.050, 0.926, 0.292, -0.237, -0.152, 0.867, 0.475, 0.344, -0.404, 0.848),
            ["Right Shoulder"] = CFrame.new(-0.012, -0.155, -0.022, 0.697, 0.318, -0.643, 0.013, 0.891, 0.455, 0.717, -0.326, 0.617),
            ["Right Hip"] = CFrame.new(0.406, 0.185, -0.287, 1.000, -0.018, -0.015, 0.020, 0.985, 0.172, 0.012, -0.172, 0.985),
            ["Neck"] = CFrame.new(0.000, 0.000, 0.000, 0.379, -0.925, 0.005, 0.924, 0.378, 0.062, -0.059, -0.019, 0.998),
            ["Left Hip"] = CFrame.new(-0.066, 0.300, 0.157, 0.593, -0.006, 0.805, -0.151, 0.981, 0.118, -0.791, -0.192, 0.581),
            ["Motor6D"] = CFrame.new(0.000, -0.945, 0.000, 1.000, 0.000, 0.000, 0.000, 1.000, 0.000, 0.000, 0.000, 1.000),
            ["RootJoint"] = CFrame.new(0.066, 0.069, -0.221, 0.332, 0.936, -0.120, -0.937, 0.312, -0.156, -0.109, 0.164, 0.980),
        }},
        [6] = { Time = 0.05, Transforms = {
            ["Left Shoulder"] = CFrame.new(-0.205, -0.290, 0.063, 0.817, 0.420, -0.396, -0.137, 0.807, 0.574, 0.561, -0.414, 0.717),
            ["Right Shoulder"] = CFrame.new(-0.015, -0.194, -0.027, 0.670, 0.381, -0.637, 0.026, 0.845, 0.534, 0.742, -0.374, 0.557),
            ["Right Hip"] = CFrame.new(0.507, 0.231, -0.358, 0.997, -0.036, 0.073, 0.021, 0.981, 0.191, -0.079, -0.189, 0.979),
            ["Neck"] = CFrame.new(0.000, 0.000, 0.000, 0.340, -0.940, 0.004, 0.938, 0.339, 0.075, -0.072, -0.022, 0.997),
            ["Left Hip"] = CFrame.new(-0.104, 0.375, 0.174, 0.560, 0.012, 0.828, -0.188, 0.976, 0.112, -0.807, -0.218, 0.549),
            ["Motor6D"] = CFrame.new(0.000, -0.945, 0.000, 1.000, 0.000, 0.000, 0.000, 1.000, 0.000, 0.000, 0.000, 1.000),
            ["RootJoint"] = CFrame.new(0.083, 0.086, -0.276, 0.288, 0.945, -0.154, -0.947, 0.258, -0.190, -0.139, 0.200, 0.970),
        }},
        [7] = { Time = 0.06, Transforms = {
            ["Left Shoulder"] = CFrame.new(-0.241, -0.337, 0.070, 0.692, 0.528, -0.492, -0.121, 0.757, 0.642, 0.711, -0.385, 0.588),
            ["Right Shoulder"] = CFrame.new(-0.014, -0.223, -0.024, 0.646, 0.425, -0.634, 0.057, 0.802, 0.595, 0.761, -0.420, 0.494),
            ["Right Hip"] = CFrame.new(0.573, 0.276, -0.409, 0.989, -0.059, 0.139, 0.030, 0.979, 0.203, -0.148, -0.197, 0.969),
            ["Neck"] = CFrame.new(0.000, 0.000, 0.000, 0.295, -0.955, -0.001, 0.951, 0.294, 0.092, -0.088, -0.028, 0.996),
            ["Left Hip"] = CFrame.new(-0.109, 0.435, 0.179, 0.518, 0.035, 0.855, -0.217, 0.972, 0.092, -0.827, -0.234, 0.511),
            ["Motor6D"] = CFrame.new(0.000, -0.945, 0.000, 1.000, 0.000, 0.000, 0.000, 1.000, 0.000, 0.000, 0.000, 1.000),
            ["RootJoint"] = CFrame.new(0.095, 0.101, -0.329, 0.238, 0.951, -0.196, -0.958, 0.196, -0.211, -0.162, 0.238, 0.958),
        }},
        [8] = { Time = 0.07, Transforms = {
            ["Left Shoulder"] = CFrame.new(-0.277, -0.385, 0.078, 0.545, 0.626, -0.558, -0.088, 0.704, 0.704, 0.834, -0.335, 0.439),
            ["Right Shoulder"] = CFrame.new(-0.013, -0.252, -0.020, 0.622, 0.468, -0.628, 0.090, 0.754, 0.651, 0.778, -0.461, 0.427),
            ["Right Hip"] = CFrame.new(0.639, 0.320, -0.460, 0.976, -0.082, 0.204, 0.037, 0.976, 0.215, -0.216, -0.202, 0.955),
            ["Neck"] = CFrame.new(0.000, 0.000, 0.000, 0.250, -0.968, -0.007, 0.963, 0.248, 0.109, -0.104, -0.034, 0.994),
            ["Left Hip"] = CFrame.new(-0.115, 0.494, 0.185, 0.474, 0.056, 0.879, -0.246, 0.967, 0.071, -0.845, -0.250, 0.472),
            ["Motor6D"] = CFrame.new(0.000, -0.945, 0.000, 1.000, 0.000, 0.000, 0.000, 1.000, 0.000, 0.000, 0.000, 1.000),
            ["RootJoint"] = CFrame.new(0.108, 0.115, -0.381, 0.188, 0.953, -0.238, -0.964, 0.133, -0.229, -0.187, 0.273, 0.944),
        }},
        [9] = { Time = 0.08, Transforms = {
            ["Left Shoulder"] = CFrame.new(-0.314, -0.432, 0.085, 0.380, 0.712, -0.591, -0.040, 0.650, 0.759, 0.924, -0.265, 0.275),
            ["Right Shoulder"] = CFrame.new(-0.011, -0.281, -0.016, 0.598, 0.511, -0.617, 0.125, 0.702, 0.702, 0.791, -0.497, 0.356),
            ["Right Hip"] = CFrame.new(0.705, 0.365, -0.511, 0.958, -0.106, 0.267, 0.044, 0.973, 0.228, -0.284, -0.207, 0.936),
            ["Neck"] = CFrame.new(0.000, 0.000, 0.000, 0.204, -0.979, -0.014, 0.971, 0.201, 0.126, -0.120, -0.039, 0.992),
            ["Left Hip"] = CFrame.new(-0.121, 0.553, 0.190, 0.429, 0.076, 0.900, -0.273, 0.961, 0.049, -0.861, -0.267, 0.432),
            ["Motor6D"] = CFrame.new(0.000, -0.945, 0.000, 1.000, 0.000, 0.000, 0.000, 1.000, 0.000, 0.000, 0.000, 1.000),
            ["RootJoint"] = CFrame.new(0.120, 0.129, -0.434, 0.137, 0.950, -0.281, -0.967, 0.068, -0.244, -0.213, 0.305, 0.928),
        }},
        [10] = { Time = 0.09, Transforms = {
            ["Left Shoulder"] = CFrame.new(-0.344, -0.465, 0.086, 0.261, 0.772, -0.579, -0.023, 0.605, 0.796, 0.965, -0.194, 0.175),
            ["Right Shoulder"] = CFrame.new(-0.004, -0.296, -0.000, 0.578, 0.529, -0.622, 0.181, 0.660, 0.729, 0.796, -0.533, 0.286),
            ["Right Hip"] = CFrame.new(0.724, 0.407, -0.535, 0.944, -0.134, 0.301, 0.064, 0.971, 0.232, -0.323, -0.200, 0.925),
            ["Neck"] = CFrame.new(-0.000, 0.000, 0.000, 0.152, -0.988, -0.026, 0.978, 0.146, 0.147, -0.142, -0.048, 0.989),
            ["Left Hip"] = CFrame.new(-0.083, 0.591, 0.178, 0.371, 0.103, 0.923, -0.289, 0.957, 0.010, -0.883, -0.270, 0.384),
            ["Motor6D"] = CFrame.new(0.000, -0.945, 0.000, 1.000, 0.000, 0.000, 0.000, 1.000, 0.000, 0.000, 0.000, 1.000),
            ["RootJoint"] = CFrame.new(0.127, 0.140, -0.482, 0.075, 0.940, -0.332, -0.971, -0.007, -0.240, -0.228, 0.340, 0.912),
        }},
        [11] = { Time = 0.10, Transforms = {
            ["Left Shoulder"] = CFrame.new(-0.371, -0.491, 0.083, 0.166, 0.818, -0.551, -0.022, 0.561, 0.827, 0.986, -0.126, 0.111),
            ["Right Shoulder"] = CFrame.new(0.006, -0.305, 0.022, 0.557, 0.536, -0.634, 0.246, 0.623, 0.743, 0.793, -0.570, 0.215),
            ["Right Hip"] = CFrame.new(0.719, 0.449, -0.544, 0.933, -0.164, 0.320, 0.091, 0.968, 0.232, -0.348, -0.188, 0.918),
            ["Neck"] = CFrame.new(-0.000, 0.000, 0.000, 0.096, -0.995, -0.042, 0.982, 0.087, 0.170, -0.166, -0.057, 0.984),
            ["Left Hip"] = CFrame.new(-0.025, 0.618, 0.158, 0.306, 0.132, 0.943, -0.296, 0.954, -0.038, -0.905, -0.268, 0.331),
            ["Motor6D"] = CFrame.new(0.000, -0.945, 0.000, 1.000, 0.000, 0.000, 0.000, 1.000, 0.000, 0.000, 0.000, 1.000),
            ["RootJoint"] = CFrame.new(0.130, 0.148, -0.529, 0.007, 0.923, -0.385, -0.971, -0.086, -0.223, -0.239, 0.375, 0.896),
        }},
        [12] = { Time = 0.11, Transforms = {
            ["Left Shoulder"] = CFrame.new(-0.398, -0.517, 0.081, 0.071, 0.854, -0.515, -0.014, 0.517, 0.856, 0.997, -0.053, 0.048),
            ["Right Shoulder"] = CFrame.new(0.016, -0.314, 0.044, 0.536, 0.545, -0.645, 0.311, 0.583, 0.751, 0.785, -0.602, 0.143),
            ["Right Hip"] = CFrame.new(0.714, 0.490, -0.554, 0.921, -0.194, 0.339, 0.117, 0.965, 0.233, -0.372, -0.175, 0.911),
            ["Neck"] = CFrame.new(-0.000, 0.000, -0.000, 0.039, -0.998, -0.058, 0.981, 0.027, 0.192, -0.190, -0.065, 0.980),
            ["Left Hip"] = CFrame.new(0.034, 0.645, 0.138, 0.239, 0.162, 0.958, -0.300, 0.950, -0.086, -0.924, -0.267, 0.275),
            ["Motor6D"] = CFrame.new(0.000, -0.945, 0.000, 1.000, 0.000, 0.000, 0.000, 1.000, 0.000, 0.000, 0.000, 1.000),
            ["RootJoint"] = CFrame.new(0.134, 0.156, -0.576, -0.061, 0.898, -0.435, -0.965, -0.164, -0.203, -0.253, 0.408, 0.877),
        }},
        [13] = { Time = 0.12, Transforms = {
            ["Left Shoulder"] = CFrame.new(-0.424, -0.539, 0.076, -0.011, 0.882, -0.472, -0.013, 0.472, 0.882, 1.000, 0.016, 0.006),
            ["Right Shoulder"] = CFrame.new(0.028, -0.319, 0.069, 0.514, 0.549, -0.659, 0.378, 0.544, 0.749, 0.770, -0.634, 0.072),
            ["Right Hip"] = CFrame.new(0.697, 0.531, -0.557, 0.909, -0.224, 0.351, 0.147, 0.962, 0.232, -0.390, -0.159, 0.907),
            ["Neck"] = CFrame.new(-0.000, 0.000, -0.000, -0.018, -0.997, -0.078, 0.976, -0.035, 0.214, -0.216, -0.072, 0.974),
            ["Left Hip"] = CFrame.new(0.104, 0.667, 0.114, 0.168, 0.193, 0.967, -0.298, 0.945, -0.137, -0.940, -0.265, 0.216),
            ["Motor6D"] = CFrame.new(0.000, -0.945, 0.000, 1.000, 0.000, 0.000, 0.000, 1.000, 0.000, 0.000, 0.000, 1.000),
            ["RootJoint"] = CFrame.new(0.137, 0.164, -0.622, -0.131, 0.865, -0.484, -0.955, -0.242, -0.174, -0.267, 0.439, 0.858),
        }},
        [14] = { Time = 0.13, Transforms = {
            ["Left Shoulder"] = CFrame.new(-0.446, -0.554, 0.069, -0.066, 0.902, -0.426, -0.034, 0.425, 0.905, 0.997, 0.074, 0.002),
            ["Right Shoulder"] = CFrame.new(0.043, -0.318, 0.100, 0.489, 0.544, -0.682, 0.453, 0.510, 0.732, 0.745, -0.667, 0.003),
            ["Right Hip"] = CFrame.new(0.657, 0.570, -0.545, 0.901, -0.256, 0.350, 0.184, 0.957, 0.226, -0.393, -0.139, 0.909),
            ["Neck"] = CFrame.new(-0.000, 0.000, -0.000, -0.078, -0.992, -0.101, 0.966, -0.101, 0.237, -0.245, -0.079, 0.966),
            ["Left Hip"] = CFrame.new(0.195, 0.679, 0.082, 0.091, 0.228, 0.969, -0.284, 0.939, -0.194, -0.954, -0.258, 0.151),
            ["Motor6D"] = CFrame.new(0.000, -0.945, 0.000, 1.000, 0.000, 0.000, 0.000, 1.000, 0.000, 0.000, 0.000, 1.000),
            ["RootJoint"] = CFrame.new(0.136, 0.169, -0.667, -0.206, 0.822, -0.531, -0.938, -0.320, -0.131, -0.278, 0.471, 0.837),
        }},
        [15] = { Time = 0.14, Transforms = {
            ["Left Shoulder"] = CFrame.new(-0.465, -0.566, 0.062, -0.108, 0.921, -0.374, -0.049, 0.371, 0.927, 0.993, 0.118, 0.005),
            ["Right Shoulder"] = CFrame.new(0.057, -0.317, 0.132, 0.464, 0.539, -0.703, 0.525, 0.473, 0.708, 0.714, -0.697, -0.063),
            ["Right Hip"] = CFrame.new(0.624, 0.597, -0.527, 0.893, -0.284, 0.349, 0.219, 0.952, 0.215, -0.393, -0.116, 0.912),
            ["Neck"] = CFrame.new(-0.000, 0.000, -0.000, -0.129, -0.984, -0.123, 0.954, -0.157, 0.255, -0.270, -0.085, 0.959),
            ["Left Hip"] = CFrame.new(0.275, 0.678, 0.063, 0.030, 0.263, 0.964, -0.253, 0.935, -0.247, -0.967, -0.237, 0.094),
            ["Motor6D"] = CFrame.new(0.000, -0.945, 0.000, 1.000, 0.000, 0.000, 0.000, 1.000, 0.000, 0.000, 0.000, 1.000),
            ["RootJoint"] = CFrame.new(0.136, 0.174, -0.703, -0.270, 0.780, -0.564, -0.918, -0.385, -0.092, -0.289, 0.493, 0.821),
        }},
        [16] = { Time = 0.15, Transforms = {
            ["Left Shoulder"] = CFrame.new(-0.481, -0.578, 0.057, -0.144, 0.937, -0.318, -0.060, 0.313, 0.948, 0.988, 0.155, 0.012),
            ["Right Shoulder"] = CFrame.new(0.072, -0.316, 0.163, 0.437, 0.536, -0.723, 0.593, 0.433, 0.679, 0.677, -0.725, -0.128),
            ["Right Hip"] = CFrame.new(0.595, 0.617, -0.505, 0.884, -0.311, 0.348, 0.253, 0.946, 0.203, -0.392, -0.091, 0.915),
            ["Neck"] = CFrame.new(-0.000, 0.000, -0.000, -0.176, -0.974, -0.145, 0.940, -0.210, 0.270, -0.293, -0.089, 0.952),
            ["Left Hip"] = CFrame.new(0.350, 0.670, 0.052, -0.024, 0.297, 0.954, -0.213, 0.931, -0.295, -0.977, -0.210, 0.041),
            ["Motor6D"] = CFrame.new(0.000, -0.945, 0.000, 1.000, 0.000, 0.000, 0.000, 1.000, 0.000, 0.000, 0.000, 1.000),
            ["RootJoint"] = CFrame.new(0.136, 0.178, -0.737, -0.328, 0.739, -0.588, -0.896, -0.441, -0.055, -0.300, 0.508, 0.807),
        }},
        [17] = { Time = 0.16, Transforms = {
            ["Left Shoulder"] = CFrame.new(-0.498, -0.589, 0.051, -0.181, 0.948, -0.261, -0.068, 0.253, 0.965, 0.981, 0.192, 0.019),
            ["Right Shoulder"] = CFrame.new(0.087, -0.315, 0.194, 0.407, 0.535, -0.740, 0.657, 0.391, 0.645, 0.634, -0.749, -0.192),
            ["Right Hip"] = CFrame.new(0.565, 0.638, -0.483, 0.875, -0.338, 0.348, 0.287, 0.939, 0.190, -0.391, -0.066, 0.918),
            ["Neck"] = CFrame.new(-0.000, 0.000, -0.000, -0.221, -0.961, -0.167, 0.923, -0.261, 0.284, -0.316, -0.091, 0.944),
            ["Left Hip"] = CFrame.new(0.424, 0.663, 0.041, -0.077, 0.332, 0.940, -0.170, 0.925, -0.341, -0.982, -0.186, -0.014),
            ["Motor6D"] = CFrame.new(0.000, -0.945, 0.000, 1.000, 0.000, 0.000, 0.000, 1.000, 0.000, 0.000, 0.000, 1.000),
            ["RootJoint"] = CFrame.new(0.136, 0.182, -0.770, -0.384, 0.694, -0.609, -0.869, -0.495, -0.017, -0.313, 0.522, 0.793),
        }},
        [18] = { Time = 0.17, Transforms = {
            ["Left Shoulder"] = CFrame.new(-0.511, -0.598, 0.046, -0.204, 0.959, -0.199, -0.072, 0.188, 0.980, 0.976, 0.214, 0.030),
            ["Right Shoulder"] = CFrame.new(0.101, -0.314, 0.225, 0.377, 0.536, -0.755, 0.717, 0.348, 0.605, 0.587, -0.769, -0.253),
            ["Right Hip"] = CFrame.new(0.543, 0.645, -0.454, 0.865, -0.361, 0.348, 0.319, 0.932, 0.173, -0.386, -0.039, 0.922),
            ["Neck"] = CFrame.new(-0.000, 0.000, -0.000, -0.258, -0.948, -0.186, 0.906, -0.304, 0.294, -0.335, -0.093, 0.937),
            ["Left Hip"] = CFrame.new(0.488, 0.642, 0.043, -0.112, 0.367, 0.924, -0.113, 0.919, -0.378, -0.987, -0.146, -0.061),
            ["Motor6D"] = CFrame.new(0.000, -0.945, 0.000, 1.000, 0.000, 0.000, 0.000, 1.000, 0.000, 0.000, 0.000, 1.000),
            ["RootJoint"] = CFrame.new(0.135, 0.185, -0.796, -0.430, 0.658, -0.618, -0.843, -0.538, 0.014, -0.323, 0.527, 0.786),
        }},
        [19] = { Time = 0.18, Transforms = {
            ["Left Shoulder"] = CFrame.new(-0.517, -0.602, 0.045, -0.199, 0.972, -0.124, -0.072, 0.112, 0.991, 0.977, 0.207, 0.048),
            ["Right Shoulder"] = CFrame.new(0.116, -0.313, 0.257, 0.347, 0.538, -0.769, 0.772, 0.303, 0.559, 0.533, -0.787, -0.310),
            ["Right Hip"] = CFrame.new(0.536, 0.626, -0.410, 0.858, -0.378, 0.348, 0.348, 0.926, 0.147, -0.378, -0.005, 0.926),
            ["Neck"] = CFrame.new(-0.000, 0.000, -0.000, -0.279, -0.939, -0.200, 0.896, -0.330, 0.299, -0.347, -0.096, 0.933),
            ["Left Hip"] = CFrame.new(0.529, 0.597, 0.074, -0.113, 0.400, 0.909, -0.030, 0.914, -0.406, -0.993, -0.073, -0.091),
            ["Motor6D"] = CFrame.new(0.000, -0.945, 0.000, 1.000, 0.000, 0.000, 0.000, 1.000, 0.000, 0.000, 0.000, 1.000),
            ["RootJoint"] = CFrame.new(0.135, 0.186, -0.807, -0.460, 0.646, -0.609, -0.826, -0.563, 0.027, -0.326, 0.516, 0.792),
        }},
        [20] = { Time = 0.19, Transforms = {
            ["Left Shoulder"] = CFrame.new(-0.523, -0.605, 0.043, -0.197, 0.979, -0.048, -0.071, 0.035, 0.997, 0.978, 0.199, 0.063),
            ["Right Shoulder"] = CFrame.new(0.131, -0.312, 0.288, 0.315, 0.542, -0.779, 0.821, 0.257, 0.510, 0.476, -0.801, -0.364),
            ["Right Hip"] = CFrame.new(0.528, 0.608, -0.367, 0.850, -0.394, 0.349, 0.376, 0.919, 0.122, -0.369, 0.028, 0.929),
            ["Neck"] = CFrame.new(-0.000, 0.000, -0.000, -0.300, -0.930, -0.213, 0.884, -0.355, 0.303, -0.358, -0.098, 0.929),
            ["Left Hip"] = CFrame.new(0.570, 0.552, 0.105, -0.114, 0.433, 0.894, 0.053, 0.901, -0.430, -0.992, -0.002, -0.126),
            ["Motor6D"] = CFrame.new(0.000, -0.945, 0.000, 1.000, 0.000, 0.000, 0.000, 1.000, 0.000, 0.000, 0.000, 1.000),
            ["RootJoint"] = CFrame.new(0.135, 0.187, -0.818, -0.490, 0.632, -0.600, -0.808, -0.588, 0.040, -0.328, 0.505, 0.799),
        }},
        [21] = { Time = 0.20, Transforms = {
            ["Left Shoulder"] = CFrame.new(-0.528, -0.609, 0.041, -0.195, 0.980, 0.029, -0.069, -0.043, 0.997, 0.978, 0.193, 0.076),
            ["Right Shoulder"] = CFrame.new(0.145, -0.311, 0.319, 0.282, 0.548, -0.787, 0.865, 0.210, 0.456, 0.415, -0.809, -0.415),
            ["Right Hip"] = CFrame.new(0.521, 0.589, -0.323, 0.842, -0.411, 0.351, 0.404, 0.910, 0.096, -0.359, 0.061, 0.931),
            ["Neck"] = CFrame.new(-0.000, 0.000, -0.000, -0.320, -0.920, -0.227, 0.872, -0.380, 0.308, -0.369, -0.100, 0.924),
            ["Left Hip"] = CFrame.new(0.612, 0.507, 0.136, -0.114, 0.466, 0.877, 0.135, 0.882, -0.451, -0.984, 0.067, -0.164),
            ["Motor6D"] = CFrame.new(0.000, -0.945, 0.000, 1.000, 0.000, 0.000, 0.000, 1.000, 0.000, 0.000, 0.000, 1.000),
            ["RootJoint"] = CFrame.new(0.135, 0.189, -0.829, -0.518, 0.618, -0.591, -0.789, -0.612, 0.052, -0.330, 0.493, 0.805),
        }},
        [22] = { Time = 0.21, Transforms = {
            ["Left Shoulder"] = CFrame.new(-0.528, -0.609, 0.041, -0.167, 0.980, 0.111, -0.074, -0.125, 0.989, 0.983, 0.157, 0.093),
            ["Right Shoulder"] = CFrame.new(0.160, -0.310, 0.350, 0.250, 0.553, -0.795, 0.903, 0.162, 0.397, 0.349, -0.817, -0.459),
            ["Right Hip"] = CFrame.new(0.520, 0.548, -0.287, 0.837, -0.439, 0.328, 0.428, 0.897, 0.110, -0.342, 0.049, 0.938),
            ["Neck"] = CFrame.new(-0.000, 0.000, -0.000, -0.330, -0.914, -0.236, 0.866, -0.392, 0.308, -0.375, -0.103, 0.921),
            ["Left Hip"] = CFrame.new(0.636, 0.442, 0.187, -0.079, 0.492, 0.867, 0.231, 0.855, -0.464, -0.970, 0.164, -0.181),
            ["Motor6D"] = CFrame.new(0.000, -0.945, 0.000, 1.000, 0.000, 0.000, 0.000, 1.000, 0.000, 0.000, 0.000, 1.000),
            ["RootJoint"] = CFrame.new(0.135, 0.189, -0.829, -0.536, 0.624, -0.569, -0.780, -0.624, 0.049, -0.325, 0.470, 0.821),
        }},
        [23] = { Time = 0.22, Transforms = {
            ["Left Shoulder"] = CFrame.new(-0.528, -0.609, 0.041, -0.141, 0.971, 0.195, -0.078, -0.207, 0.975, 0.987, 0.122, 0.105),
            ["Right Shoulder"] = CFrame.new(0.175, -0.309, 0.381, 0.218, 0.560, -0.799, 0.935, 0.115, 0.336, 0.280, -0.820, -0.499),
            ["Right Hip"] = CFrame.new(0.519, 0.507, -0.252, 0.830, -0.466, 0.305, 0.451, 0.884, 0.123, -0.326, 0.036, 0.945),
            ["Neck"] = CFrame.new(-0.000, 0.000, -0.000, -0.339, -0.908, -0.245, 0.860, -0.405, 0.309, -0.380, -0.106, 0.919),
            ["Left Hip"] = CFrame.new(0.661, 0.378, 0.239, -0.045, 0.514, 0.856, 0.325, 0.818, -0.474, -0.945, 0.257, -0.204),
            ["Motor6D"] = CFrame.new(0.000, -0.945, 0.000, 1.000, 0.000, 0.000, 0.000, 1.000, 0.000, 0.000, 0.000, 1.000),
            ["RootJoint"] = CFrame.new(0.135, 0.189, -0.829, -0.553, 0.628, -0.547, -0.770, -0.637, 0.047, -0.319, 0.447, 0.836),
        }},
        [24] = { Time = 0.23, Transforms = {
            ["Left Shoulder"] = CFrame.new(-0.528, -0.609, 0.041, -0.118, 0.953, 0.279, -0.083, -0.289, 0.954, 0.990, 0.090, 0.113),
            ["Right Shoulder"] = CFrame.new(0.189, -0.308, 0.413, 0.186, 0.570, -0.800, 0.960, 0.068, 0.271, 0.208, -0.819, -0.535),
            ["Right Hip"] = CFrame.new(0.518, 0.466, -0.216, 0.823, -0.493, 0.281, 0.475, 0.870, 0.135, -0.311, 0.022, 0.950),
            ["Neck"] = CFrame.new(-0.000, 0.000, -0.000, -0.349, -0.902, -0.254, 0.854, -0.417, 0.310, -0.386, -0.109, 0.916),
            ["Left Hip"] = CFrame.new(0.686, 0.314, 0.291, -0.011, 0.534, 0.845, 0.416, 0.771, -0.482, -0.909, 0.346, -0.231),
            ["Motor6D"] = CFrame.new(0.000, -0.945, 0.000, 1.000, 0.000, 0.000, 0.000, 1.000, 0.000, 0.000, 0.000, 1.000),
            ["RootJoint"] = CFrame.new(0.135, 0.189, -0.829, -0.570, 0.632, -0.525, -0.759, -0.649, 0.043, -0.313, 0.423, 0.850),
        }},
        [25] = { Time = 0.24, Transforms = {
            ["Left Shoulder"] = CFrame.new(-0.528, -0.609, 0.041, -0.097, 0.927, 0.361, -0.087, -0.370, 0.925, 0.991, 0.059, 0.116),
            ["Right Shoulder"] = CFrame.new(0.204, -0.306, 0.444, 0.154, 0.583, -0.798, 0.979, 0.021, 0.204, 0.135, -0.812, -0.567),
            ["Right Hip"] = CFrame.new(0.516, 0.425, -0.181, 0.815, -0.520, 0.257, 0.499, 0.854, 0.146, -0.295, 0.009, 0.955),
            ["Neck"] = CFrame.new(-0.000, 0.000, -0.000, -0.358, -0.896, -0.262, 0.848, -0.430, 0.310, -0.391, -0.111, 0.914),
            ["Left Hip"] = CFrame.new(0.711, 0.250, 0.343, 0.021, 0.552, 0.834, 0.502, 0.715, -0.486, -0.865, 0.429, -0.262),
            ["Motor6D"] = CFrame.new(0.000, -0.945, 0.000, 1.000, 0.000, 0.000, 0.000, 1.000, 0.000, 0.000, 0.000, 1.000),
            ["RootJoint"] = CFrame.new(0.135, 0.189, -0.829, -0.588, 0.635, -0.502, -0.749, -0.662, 0.040, -0.307, 0.399, 0.864),
        }},
        [26] = { Time = 0.25, Transforms = {
            ["Left Shoulder"] = CFrame.new(-0.528, -0.609, 0.041, -0.079, 0.894, 0.442, -0.090, -0.448, 0.890, 0.993, 0.031, 0.115),
            ["Right Shoulder"] = CFrame.new(0.219, -0.305, 0.475, 0.122, 0.598, -0.792, 0.991, -0.024, 0.135, 0.061, -0.801, -0.595),
            ["Right Hip"] = CFrame.new(0.515, 0.384, -0.145, 0.806, -0.545, 0.232, 0.522, 0.838, 0.157, -0.280, -0.006, 0.960),
            ["Neck"] = CFrame.new(-0.000, 0.000, -0.000, -0.367, -0.890, -0.271, 0.841, -0.442, 0.311, -0.396, -0.114, 0.911),
            ["Left Hip"] = CFrame.new(0.735, 0.186, 0.395, 0.052, 0.568, 0.822, 0.583, 0.651, -0.486, -0.811, 0.505, -0.297),
            ["Motor6D"] = CFrame.new(0.000, -0.945, 0.000, 1.000, 0.000, 0.000, 0.000, 1.000, 0.000, 0.000, 0.000, 1.000),
            ["RootJoint"] = CFrame.new(0.135, 0.189, -0.829, -0.605, 0.636, -0.479, -0.738, -0.674, 0.036, -0.300, 0.375, 0.877),
        }},
        [27] = { Time = 0.26, Transforms = {
            ["Left Shoulder"] = CFrame.new(-0.473, -0.529, 0.157, 0.083, 0.924, 0.373, 0.090, -0.379, 0.921, 0.993, -0.043, -0.114),
            ["Right Shoulder"] = CFrame.new(0.182, -0.190, 0.457, -0.190, 0.540, -0.820, 0.982, 0.104, -0.159, -0.001, -0.835, -0.550),
            ["Right Hip"] = CFrame.new(0.506, 0.325, -0.155, 0.855, -0.468, 0.224, 0.447, 0.883, 0.141, -0.264, -0.020, 0.964),
            ["Neck"] = CFrame.new(-0.000, 0.000, -0.000, -0.324, -0.853, -0.409, 0.907, -0.403, 0.123, -0.270, -0.331, 0.904),
            ["Left Hip"] = CFrame.new(0.514, 0.309, 0.274, 0.021, 0.451, 0.892, 0.543, 0.744, -0.389, -0.840, 0.492, -0.229),
            ["Motor6D"] = CFrame.new(0.000, -0.945, 0.000, 1.000, 0.000, 0.000, 0.000, 1.000, 0.000, 0.000, 0.000, 1.000),
            ["RootJoint"] = CFrame.new(0.135, 0.189, -0.704, -0.498, 0.788, -0.363, -0.744, -0.603, -0.288, -0.446, 0.127, 0.886),
        }},
        [28] = { Time = 0.27, Transforms = {
            ["Left Shoulder"] = CFrame.new(-0.428, -0.463, 0.255, 0.197, 0.934, 0.297, 0.253, -0.342, 0.905, 0.947, -0.103, -0.304),
            ["Right Shoulder"] = CFrame.new(0.151, -0.094, 0.442, -0.440, 0.483, -0.757, 0.896, 0.181, -0.405, -0.059, -0.857, -0.512),
            ["Right Hip"] = CFrame.new(0.496, 0.267, -0.166, 0.897, -0.387, 0.215, 0.368, 0.921, 0.125, -0.247, -0.033, 0.969),
            ["Neck"] = CFrame.new(-0.000, 0.000, -0.000, -0.314, -0.794, -0.521, 0.937, -0.349, -0.033, -0.155, -0.498, 0.853),
            ["Left Hip"] = CFrame.new(0.329, 0.411, 0.174, -0.003, 0.347, 0.938, 0.506, 0.810, -0.298, -0.863, 0.473, -0.178),
            ["Motor6D"] = CFrame.new(0.000, -0.945, 0.000, 1.000, 0.000, 0.000, 0.000, 1.000, 0.000, 0.000, 0.000, 1.000),
            ["RootJoint"] = CFrame.new(0.135, 0.189, -0.601, -0.445, 0.866, -0.231, -0.686, -0.495, -0.534, -0.576, -0.079, 0.814),
        }},
        [29] = { Time = 0.28, Transforms = {
            ["Left Shoulder"] = CFrame.new(-0.400, -0.423, 0.313, 0.260, 0.936, 0.238, 0.347, -0.321, 0.881, 0.901, -0.146, -0.408),
            ["Right Shoulder"] = CFrame.new(0.133, -0.037, 0.433, -0.576, 0.433, -0.693, 0.813, 0.221, -0.538, -0.080, -0.874, -0.479),
            ["Right Hip"] = CFrame.new(0.487, 0.208, -0.176, 0.931, -0.303, 0.205, 0.285, 0.952, 0.111, -0.228, -0.045, 0.973),
            ["Neck"] = CFrame.new(-0.000, -0.000, -0.000, -0.312, -0.751, -0.582, 0.946, -0.300, -0.121, -0.083, -0.589, 0.804),
            ["Left Hip"] = CFrame.new(0.219, 0.473, 0.114, -0.014, 0.281, 0.959, 0.481, 0.843, -0.240, -0.876, 0.459, -0.147),
            ["Motor6D"] = CFrame.new(0.000, -0.945, 0.000, 1.000, 0.000, 0.000, 0.000, 1.000, 0.000, 0.000, 0.000, 1.000),
            ["RootJoint"] = CFrame.new(0.135, 0.189, -0.539, -0.416, 0.899, -0.137, -0.639, -0.396, -0.659, -0.647, -0.187, 0.739),
        }},
        [30] = { Time = 0.29, Transforms = {
            ["Left Shoulder"] = CFrame.new(-0.382, -0.396, 0.352, 0.297, 0.935, 0.196, 0.409, -0.310, 0.859, 0.863, -0.175, -0.474),
            ["Right Shoulder"] = CFrame.new(0.121, 0.002, 0.427, -0.660, 0.398, -0.638, 0.746, 0.242, -0.621, -0.093, -0.885, -0.456),
            ["Right Hip"] = CFrame.new(0.477, 0.150, -0.186, 0.957, -0.216, 0.193, 0.200, 0.975, 0.097, -0.209, -0.055, 0.976),
            ["Neck"] = CFrame.new(-0.000, -0.000, -0.000, -0.315, -0.718, -0.621, 0.949, -0.262, -0.177, -0.035, -0.644, 0.764),
            ["Left Hip"] = CFrame.new(0.145, 0.514, 0.073, -0.020, 0.237, 0.971, 0.465, 0.862, -0.201, -0.885, 0.447, -0.128),
            ["Motor6D"] = CFrame.new(0.000, -0.945, 0.000, 1.000, 0.000, 0.000, 0.000, 1.000, 0.000, 0.000, 0.000, 1.000),
            ["RootJoint"] = CFrame.new(0.135, 0.189, -0.497, -0.403, 0.912, -0.072, -0.600, -0.323, -0.732, -0.691, -0.252, 0.678),
        }},
        [31] = { Time = 0.30, Transforms = {
            ["Left Shoulder"] = CFrame.new(-0.368, -0.376, 0.381, 0.323, 0.933, 0.162, 0.454, -0.302, 0.838, 0.831, -0.197, -0.521),
            ["Right Shoulder"] = CFrame.new(0.111, 0.030, 0.423, -0.717, 0.370, -0.591, 0.690, 0.255, -0.678, -0.100, -0.893, -0.438),
            ["Right Hip"] = CFrame.new(0.468, 0.091, -0.196, 0.975, -0.127, 0.181, 0.113, 0.990, 0.085, -0.190, -0.063, 0.980),
            ["Neck"] = CFrame.new(-0.000, -0.000, -0.000, -0.318, -0.692, -0.648, 0.948, -0.232, -0.218, 0.001, -0.683, 0.730),
            ["Left Hip"] = CFrame.new(0.089, 0.545, 0.043, -0.025, 0.203, 0.979, 0.452, 0.876, -0.170, -0.892, 0.438, -0.113),
            ["Motor6D"] = CFrame.new(0.000, -0.945, 0.000, 1.000, 0.000, 0.000, 0.000, 1.000, 0.000, 0.000, 0.000, 1.000),
            ["RootJoint"] = CFrame.new(0.135, 0.189, -0.466, -0.395, 0.918, -0.022, -0.568, -0.263, -0.780, -0.722, -0.296, 0.626),
        }},
        [32] = { Time = 0.31, Transforms = {
            ["Left Shoulder"] = CFrame.new(-0.361, -0.366, 0.396, 0.335, 0.931, 0.144, 0.475, -0.299, 0.827, 0.813, -0.209, -0.543),
            ["Right Shoulder"] = CFrame.new(0.107, 0.045, 0.420, -0.744, 0.354, -0.566, 0.660, 0.261, -0.705, -0.102, -0.898, -0.428),
            ["Right Hip"] = CFrame.new(0.458, 0.033, -0.206, 0.985, -0.037, 0.167, 0.025, 0.997, 0.074, -0.169, -0.069, 0.983),
            ["Neck"] = CFrame.new(-0.000, -0.000, -0.000, -0.320, -0.679, -0.661, 0.947, -0.215, -0.237, 0.019, -0.702, 0.712),
            ["Left Hip"] = CFrame.new(0.062, 0.560, 0.028, -0.026, 0.186, 0.982, 0.446, 0.882, -0.155, -0.895, 0.434, -0.106),
            ["Motor6D"] = CFrame.new(0.000, -0.945, 0.000, 1.000, 0.000, 0.000, 0.000, 1.000, 0.000, 0.000, 0.000, 1.000),
            ["RootJoint"] = CFrame.new(0.135, 0.189, -0.451, -0.392, 0.920, 0.004, -0.552, -0.232, -0.801, -0.736, -0.316, 0.598),
        }},
        [33] = { Time = 0.32, Transforms = {
            ["Left Shoulder"] = CFrame.new(-0.356, -0.358, 0.408, 0.345, 0.930, 0.129, 0.493, -0.297, 0.818, 0.798, -0.218, -0.561),
            ["Right Shoulder"] = CFrame.new(0.103, 0.057, 0.418, -0.766, 0.342, -0.544, 0.634, 0.265, -0.726, -0.104, -0.901, -0.420),
            ["Right Hip"] = CFrame.new(0.449, -0.026, -0.216, 0.987, 0.054, 0.153, -0.064, 0.996, 0.065, -0.149, -0.074, 0.986),
            ["Neck"] = CFrame.new(-0.000, -0.000, -0.000, -0.322, -0.668, -0.671, 0.946, -0.202, -0.253, 0.034, -0.717, 0.697),
            ["Left Hip"] = CFrame.new(0.039, 0.573, 0.016, -0.028, 0.172, 0.985, 0.440, 0.887, -0.142, -0.897, 0.429, -0.100),
            ["Motor6D"] = CFrame.new(0.000, -0.945, 0.000, 1.000, 0.000, 0.000, 0.000, 1.000, 0.000, 0.000, 0.000, 1.000),
            ["RootJoint"] = CFrame.new(0.135, 0.189, -0.438, -0.390, 0.921, 0.025, -0.537, -0.205, -0.818, -0.748, -0.332, 0.574),
        }},
        [34] = { Time = 0.33, Transforms = {
            ["Left Shoulder"] = CFrame.new(-0.352, -0.353, 0.415, 0.351, 0.929, 0.120, 0.504, -0.295, 0.812, 0.789, -0.224, -0.572),
            ["Right Shoulder"] = CFrame.new(0.101, 0.064, 0.417, -0.779, 0.334, -0.531, 0.619, 0.268, -0.739, -0.105, -0.904, -0.415),
            ["Right Hip"] = CFrame.new(0.439, -0.084, -0.226, 0.980, 0.144, 0.138, -0.153, 0.987, 0.056, -0.128, -0.076, 0.989),
            ["Neck"] = CFrame.new(0.000, -0.000, -0.000, -0.323, -0.661, -0.678, 0.945, -0.193, -0.263, 0.043, -0.725, 0.687),
            ["Left Hip"] = CFrame.new(0.025, 0.581, 0.008, -0.029, 0.163, 0.986, 0.437, 0.889, -0.134, -0.899, 0.427, -0.097),
            ["Motor6D"] = CFrame.new(0.000, -0.945, 0.000, 1.000, 0.000, 0.000, 0.000, 1.000, 0.000, 0.000, 0.000, 1.000),
            ["RootJoint"] = CFrame.new(0.135, 0.189, -0.430, -0.389, 0.921, 0.038, -0.528, -0.189, -0.828, -0.755, -0.342, 0.560),
        }},
        [35] = { Time = 0.34, Transforms = {
            ["Left Shoulder"] = CFrame.new(-0.350, -0.350, 0.420, 0.354, 0.928, 0.114, 0.511, -0.294, 0.808, 0.783, -0.228, -0.579),
            ["Right Shoulder"] = CFrame.new(0.099, 0.069, 0.417, -0.787, 0.329, -0.522, 0.608, 0.269, -0.747, -0.106, -0.905, -0.412),
            ["Right Hip"] = CFrame.new(0.429, -0.106, -0.229, 0.976, 0.174, 0.133, -0.182, 0.982, 0.054, -0.121, -0.077, 0.990),
            ["Neck"] = CFrame.new(-0.000, -0.000, -0.000, -0.324, -0.656, -0.682, 0.945, -0.187, -0.269, 0.049, -0.731, 0.681),
            ["Left Hip"] = CFrame.new(0.016, 0.586, 0.003, -0.029, 0.157, 0.987, 0.435, 0.891, -0.129, -0.900, 0.425, -0.094),
            ["Motor6D"] = CFrame.new(0.000, -0.945, 0.000, 1.000, 0.000, 0.000, 0.000, 1.000, 0.000, 0.000, 0.000, 1.000),
            ["RootJoint"] = CFrame.new(0.135, 0.189, -0.425, -0.388, 0.921, 0.047, -0.522, -0.178, -0.834, -0.759, -0.348, 0.550),
        }},
        [36] = { Time = 0.35, Transforms = {
            ["Left Shoulder"] = CFrame.new(-0.348, -0.347, 0.423, 0.357, 0.928, 0.109, 0.517, -0.293, 0.804, 0.778, -0.231, -0.584),
            ["Right Shoulder"] = CFrame.new(0.098, 0.072, 0.416, -0.793, 0.326, -0.515, 0.600, 0.270, -0.753, -0.106, -0.906, -0.410),
            ["Right Hip"] = CFrame.new(0.419, -0.111, -0.227, 0.976, 0.174, 0.133, -0.182, 0.982, 0.054, -0.121, -0.077, 0.990),
            ["Neck"] = CFrame.new(-0.000, -0.000, -0.000, -0.325, -0.653, -0.685, 0.944, -0.183, -0.273, 0.053, -0.735, 0.676),
            ["Left Hip"] = CFrame.new(0.009, 0.590, -0.001, -0.030, 0.153, 0.988, 0.433, 0.893, -0.125, -0.901, 0.424, -0.093),
            ["Motor6D"] = CFrame.new(0.000, -0.945, 0.000, 1.000, 0.000, 0.000, 0.000, 1.000, 0.000, 0.000, 0.000, 1.000),
            ["RootJoint"] = CFrame.new(0.135, 0.189, -0.421, -0.387, 0.920, 0.053, -0.518, -0.170, -0.838, -0.763, -0.352, 0.542),
        }},
        [37] = { Time = 0.36, Transforms = {
            ["Left Shoulder"] = CFrame.new(-0.347, -0.346, 0.425, 0.358, 0.927, 0.107, 0.519, -0.293, 0.803, 0.776, -0.232, -0.587),
            ["Right Shoulder"] = CFrame.new(0.097, 0.074, 0.416, -0.796, 0.324, -0.511, 0.596, 0.271, -0.756, -0.106, -0.907, -0.408),
            ["Right Hip"] = CFrame.new(0.408, -0.115, -0.225, 0.976, 0.174, 0.133, -0.182, 0.982, 0.054, -0.121, -0.077, 0.990),
            ["Neck"] = CFrame.new(-0.000, -0.000, -0.000, -0.325, -0.651, -0.686, 0.944, -0.181, -0.276, 0.055, -0.737, 0.673),
            ["Left Hip"] = CFrame.new(0.005, 0.592, -0.002, -0.030, 0.151, 0.988, 0.432, 0.893, -0.123, -0.901, 0.423, -0.092),
            ["Motor6D"] = CFrame.new(0.000, -0.945, 0.000, 1.000, 0.000, 0.000, 0.000, 1.000, 0.000, 0.000, 0.000, 1.000),
            ["RootJoint"] = CFrame.new(0.135, 0.189, -0.419, -0.387, 0.920, 0.056, -0.516, -0.166, -0.841, -0.764, -0.354, 0.539),
        }},
        [38] = { Time = 0.37, Transforms = {
            ["Left Shoulder"] = CFrame.new(-0.346, -0.345, 0.427, 0.359, 0.927, 0.105, 0.521, -0.293, 0.801, 0.774, -0.233, -0.589),
            ["Right Shoulder"] = CFrame.new(0.097, 0.076, 0.415, -0.799, 0.322, -0.509, 0.592, 0.271, -0.759, -0.106, -0.907, -0.407),
            ["Right Hip"] = CFrame.new(0.398, -0.119, -0.224, 0.976, 0.174, 0.133, -0.182, 0.982, 0.054, -0.121, -0.077, 0.990),
            ["Neck"] = CFrame.new(0.000, -0.000, 0.000, -0.325, -0.649, -0.687, 0.944, -0.179, -0.278, 0.057, -0.739, 0.671),
            ["Left Hip"] = CFrame.new(0.002, 0.593, -0.004, -0.030, 0.149, 0.988, 0.432, 0.894, -0.122, -0.902, 0.423, -0.091),
            ["Motor6D"] = CFrame.new(0.000, -0.945, 0.000, 1.000, 0.000, 0.000, 0.000, 1.000, 0.000, 0.000, 0.000, 1.000),
            ["RootJoint"] = CFrame.new(0.135, 0.189, -0.417, -0.387, 0.920, 0.059, -0.514, -0.162, -0.842, -0.766, -0.356, 0.536),
        }},
        [39] = { Time = 0.38, Transforms = {
            ["Left Shoulder"] = CFrame.new(-0.346, -0.344, 0.428, 0.360, 0.927, 0.104, 0.523, -0.293, 0.801, 0.773, -0.234, -0.590),
            ["Right Shoulder"] = CFrame.new(0.097, 0.077, 0.415, -0.800, 0.321, -0.507, 0.590, 0.271, -0.760, -0.106, -0.907, -0.407),
            ["Right Hip"] = CFrame.new(0.387, -0.123, -0.222, 0.976, 0.174, 0.133, -0.182, 0.982, 0.054, -0.121, -0.077, 0.990),
            ["Neck"] = CFrame.new(-0.000, -0.000, 0.000, -0.325, -0.648, -0.688, 0.944, -0.178, -0.279, 0.058, -0.740, 0.670),
            ["Left Hip"] = CFrame.new(0.001, 0.594, -0.005, -0.030, 0.148, 0.989, 0.431, 0.894, -0.121, -0.902, 0.423, -0.091),
            ["Motor6D"] = CFrame.new(0.000, -0.945, 0.000, 1.000, 0.000, 0.000, 0.000, 1.000, 0.000, 0.000, 0.000, 1.000),
            ["RootJoint"] = CFrame.new(0.135, 0.189, -0.416, -0.387, 0.920, 0.061, -0.513, -0.160, -0.844, -0.767, -0.357, 0.534),
        }},
        [40] = { Time = 0.39, Transforms = {
            ["Left Shoulder"] = CFrame.new(-0.346, -0.344, 0.428, 0.361, 0.927, 0.103, 0.524, -0.293, 0.800, 0.772, -0.235, -0.591),
            ["Right Shoulder"] = CFrame.new(0.097, 0.077, 0.415, -0.801, 0.320, -0.506, 0.589, 0.272, -0.761, -0.106, -0.908, -0.406),
            ["Right Hip"] = CFrame.new(0.377, -0.127, -0.220, 0.976, 0.174, 0.133, -0.182, 0.982, 0.054, -0.121, -0.077, 0.990),
            ["Neck"] = CFrame.new(-0.000, -0.000, 0.000, -0.326, -0.648, -0.689, 0.944, -0.177, -0.279, 0.059, -0.741, 0.669),
            ["Left Hip"] = CFrame.new(-0.001, 0.595, -0.006, -0.030, 0.147, 0.989, 0.431, 0.894, -0.120, -0.902, 0.422, -0.090),
            ["Motor6D"] = CFrame.new(0.000, -0.945, 0.000, 1.000, 0.000, 0.000, 0.000, 1.000, 0.000, 0.000, 0.000, 1.000),
            ["RootJoint"] = CFrame.new(0.135, 0.189, -0.416, -0.387, 0.920, 0.062, -0.512, -0.159, -0.844, -0.767, -0.358, 0.532),
        }},
        [41] = { Time = 0.40, Transforms = {
            ["Left Shoulder"] = CFrame.new(-0.346, -0.344, 0.429, 0.361, 0.927, 0.102, 0.524, -0.293, 0.800, 0.771, -0.235, -0.592),
            ["Right Shoulder"] = CFrame.new(0.096, 0.078, 0.415, -0.802, 0.320, -0.505, 0.588, 0.272, -0.762, -0.107, -0.908, -0.406),
            ["Right Hip"] = CFrame.new(0.366, -0.131, -0.219, 0.976, 0.174, 0.133, -0.182, 0.982, 0.054, -0.121, -0.077, 0.990),
            ["Neck"] = CFrame.new(-0.000, -0.000, 0.000, -0.326, -0.647, -0.689, 0.944, -0.177, -0.280, 0.060, -0.741, 0.668),
            ["Left Hip"] = CFrame.new(-0.001, 0.595, -0.006, -0.030, 0.147, 0.989, 0.431, 0.895, -0.120, -0.902, 0.422, -0.090),
            ["Motor6D"] = CFrame.new(0.000, -0.945, 0.000, 1.000, 0.000, 0.000, 0.000, 1.000, 0.000, 0.000, 0.000, 1.000),
            ["RootJoint"] = CFrame.new(0.135, 0.189, -0.415, -0.387, 0.920, 0.062, -0.511, -0.158, -0.845, -0.767, -0.359, 0.531),
        }},
        [42] = { Time = 0.41, Transforms = {
            ["Left Shoulder"] = CFrame.new(-0.345, -0.343, 0.429, 0.361, 0.927, 0.102, 0.525, -0.292, 0.800, 0.771, -0.235, -0.592),
            ["Right Shoulder"] = CFrame.new(0.096, 0.078, 0.415, -0.802, 0.320, -0.504, 0.588, 0.272, -0.762, -0.107, -0.908, -0.406),
            ["Right Hip"] = CFrame.new(0.356, -0.135, -0.217, 0.976, 0.173, 0.133, -0.182, 0.982, 0.054, -0.121, -0.077, 0.990),
            ["Neck"] = CFrame.new(-0.000, -0.000, 0.000, -0.326, -0.647, -0.689, 0.944, -0.176, -0.280, 0.060, -0.742, 0.668),
            ["Left Hip"] = CFrame.new(-0.002, 0.595, -0.006, -0.030, 0.147, 0.989, 0.431, 0.895, -0.119, -0.902, 0.422, -0.090),
            ["Motor6D"] = CFrame.new(0.000, -0.945, 0.000, 1.000, 0.000, 0.000, 0.000, 1.000, 0.000, 0.000, 0.000, 1.000),
            ["RootJoint"] = CFrame.new(0.135, 0.189, -0.415, -0.387, 0.920, 0.063, -0.511, -0.157, -0.845, -0.768, -0.359, 0.531),
        }},
        [43] = { Time = 0.42, Transforms = {
            ["Left Shoulder"] = CFrame.new(-0.345, -0.343, 0.429, 0.361, 0.927, 0.102, 0.525, -0.292, 0.799, 0.771, -0.235, -0.592),
            ["Right Shoulder"] = CFrame.new(0.096, 0.078, 0.415, -0.802, 0.320, -0.504, 0.587, 0.272, -0.762, -0.107, -0.908, -0.406),
            ["Right Hip"] = CFrame.new(0.349, -0.138, -0.216, 0.976, 0.173, 0.133, -0.182, 0.982, 0.054, -0.121, -0.077, 0.990),
            ["Neck"] = CFrame.new(0.000, -0.000, 0.000, -0.326, -0.647, -0.689, 0.944, -0.176, -0.281, 0.060, -0.742, 0.668),
            ["Left Hip"] = CFrame.new(-0.002, 0.596, -0.006, -0.030, 0.146, 0.989, 0.430, 0.895, -0.119, -0.902, 0.422, -0.090),
            ["Motor6D"] = CFrame.new(0.000, -0.945, 0.000, 1.000, 0.000, 0.000, 0.000, 1.000, 0.000, 0.000, 0.000, 1.000),
            ["RootJoint"] = CFrame.new(0.135, 0.189, -0.415, -0.387, 0.920, 0.063, -0.511, -0.157, -0.845, -0.768, -0.359, 0.531),
        }},
        [44] = { Time = 0.43, Transforms = {
            ["Left Shoulder"] = CFrame.new(-0.345, -0.343, 0.429, 0.361, 0.927, 0.102, 0.525, -0.292, 0.799, 0.771, -0.235, -0.592),
            ["Right Shoulder"] = CFrame.new(0.096, 0.078, 0.415, -0.802, 0.320, -0.504, 0.587, 0.272, -0.762, -0.107, -0.908, -0.406),
            ["Right Hip"] = CFrame.new(0.349, -0.138, -0.216, 0.976, 0.173, 0.133, -0.182, 0.982, 0.054, -0.121, -0.077, 0.990),
            ["Neck"] = CFrame.new(0.000, -0.000, 0.000, -0.326, -0.647, -0.689, 0.944, -0.176, -0.281, 0.060, -0.742, 0.668),
            ["Left Hip"] = CFrame.new(-0.002, 0.596, -0.006, -0.030, 0.146, 0.989, 0.430, 0.895, -0.119, -0.902, 0.422, -0.090),
            ["Motor6D"] = CFrame.new(0.000, -0.945, 0.000, 1.000, 0.000, 0.000, 0.000, 1.000, 0.000, 0.000, 0.000, 1.000),
            ["RootJoint"] = CFrame.new(0.135, 0.189, -0.415, -0.387, 0.920, 0.063, -0.511, -0.157, -0.845, -0.768, -0.359, 0.531),
        }},
        [45] = { Time = 0.44, Transforms = {
            ["Left Shoulder"] = CFrame.new(-0.345, -0.343, 0.429, 0.361, 0.927, 0.102, 0.525, -0.292, 0.799, 0.771, -0.235, -0.592),
            ["Right Shoulder"] = CFrame.new(0.096, 0.078, 0.415, -0.802, 0.320, -0.504, 0.587, 0.272, -0.762, -0.107, -0.908, -0.406),
            ["Right Hip"] = CFrame.new(0.349, -0.138, -0.216, 0.976, 0.173, 0.133, -0.182, 0.982, 0.054, -0.121, -0.077, 0.990),
            ["Neck"] = CFrame.new(0.000, -0.000, 0.000, -0.326, -0.647, -0.689, 0.944, -0.176, -0.281, 0.060, -0.742, 0.668),
            ["Left Hip"] = CFrame.new(-0.002, 0.596, -0.006, -0.030, 0.146, 0.989, 0.430, 0.895, -0.119, -0.902, 0.422, -0.090),
            ["Motor6D"] = CFrame.new(0.000, -0.945, 0.000, 1.000, 0.000, 0.000, 0.000, 1.000, 0.000, 0.000, 0.000, 1.000),
            ["RootJoint"] = CFrame.new(0.135, 0.189, -0.415, -0.387, 0.920, 0.063, -0.511, -0.157, -0.845, -0.768, -0.359, 0.531),
        }},
        [46] = { Time = 0.45, Transforms = {
            ["Left Shoulder"] = CFrame.new(-0.345, -0.343, 0.429, 0.361, 0.927, 0.102, 0.525, -0.292, 0.799, 0.771, -0.235, -0.592),
            ["Right Shoulder"] = CFrame.new(0.096, 0.078, 0.415, -0.802, 0.320, -0.504, 0.587, 0.272, -0.762, -0.107, -0.908, -0.406),
            ["Right Hip"] = CFrame.new(0.349, -0.138, -0.216, 0.976, 0.173, 0.133, -0.182, 0.982, 0.054, -0.121, -0.077, 0.990),
            ["Neck"] = CFrame.new(0.000, -0.000, 0.000, -0.326, -0.647, -0.689, 0.944, -0.176, -0.281, 0.060, -0.742, 0.668),
            ["Left Hip"] = CFrame.new(-0.002, 0.596, -0.006, -0.030, 0.146, 0.989, 0.430, 0.895, -0.119, -0.902, 0.422, -0.090),
            ["Motor6D"] = CFrame.new(0.000, -0.945, 0.000, 1.000, 0.000, 0.000, 0.000, 1.000, 0.000, 0.000, 0.000, 1.000),
            ["RootJoint"] = CFrame.new(0.135, 0.189, -0.415, -0.387, 0.920, 0.063, -0.511, -0.157, -0.845, -0.768, -0.359, 0.531),
        }},
        [47] = { Time = 0.46, Transforms = {
            ["Left Shoulder"] = CFrame.new(-0.345, -0.343, 0.429, 0.361, 0.927, 0.102, 0.525, -0.292, 0.799, 0.771, -0.235, -0.592),
            ["Right Shoulder"] = CFrame.new(0.096, 0.078, 0.415, -0.802, 0.320, -0.504, 0.587, 0.272, -0.762, -0.107, -0.908, -0.406),
            ["Right Hip"] = CFrame.new(0.349, -0.138, -0.216, 0.976, 0.173, 0.133, -0.182, 0.982, 0.054, -0.121, -0.077, 0.990),
            ["Neck"] = CFrame.new(0.000, -0.000, 0.000, -0.326, -0.647, -0.689, 0.944, -0.176, -0.281, 0.060, -0.742, 0.668),
            ["Left Hip"] = CFrame.new(-0.002, 0.596, -0.006, -0.030, 0.146, 0.989, 0.430, 0.895, -0.119, -0.902, 0.422, -0.090),
            ["Motor6D"] = CFrame.new(0.000, -0.945, 0.000, 1.000, 0.000, 0.000, 0.000, 1.000, 0.000, 0.000, 0.000, 1.000),
            ["RootJoint"] = CFrame.new(0.135, 0.189, -0.415, -0.387, 0.920, 0.063, -0.511, -0.157, -0.845, -0.768, -0.359, 0.531),
        }},
        [48] = { Time = 0.47, Transforms = {
            ["Left Shoulder"] = CFrame.new(-0.345, -0.343, 0.429, 0.361, 0.927, 0.102, 0.525, -0.292, 0.799, 0.771, -0.235, -0.592),
            ["Right Shoulder"] = CFrame.new(0.096, 0.078, 0.415, -0.802, 0.320, -0.504, 0.587, 0.272, -0.762, -0.107, -0.908, -0.406),
            ["Right Hip"] = CFrame.new(0.349, -0.138, -0.216, 0.976, 0.173, 0.133, -0.182, 0.982, 0.054, -0.121, -0.077, 0.990),
            ["Neck"] = CFrame.new(0.000, -0.000, 0.000, -0.326, -0.647, -0.689, 0.944, -0.176, -0.281, 0.060, -0.742, 0.668),
            ["Left Hip"] = CFrame.new(-0.002, 0.596, -0.006, -0.030, 0.146, 0.989, 0.430, 0.895, -0.119, -0.902, 0.422, -0.090),
            ["Motor6D"] = CFrame.new(0.000, -0.945, 0.000, 1.000, 0.000, 0.000, 0.000, 1.000, 0.000, 0.000, 0.000, 1.000),
            ["RootJoint"] = CFrame.new(0.135, 0.189, -0.415, -0.387, 0.920, 0.063, -0.511, -0.157, -0.845, -0.768, -0.359, 0.531),
        }},
        [49] = { Time = 0.48, Transforms = {
            ["Left Shoulder"] = CFrame.new(-0.345, -0.343, 0.429, 0.361, 0.927, 0.102, 0.525, -0.292, 0.799, 0.771, -0.235, -0.592),
            ["Right Shoulder"] = CFrame.new(0.096, 0.078, 0.415, -0.802, 0.320, -0.504, 0.587, 0.272, -0.762, -0.107, -0.908, -0.406),
            ["Right Hip"] = CFrame.new(0.349, -0.138, -0.216, 0.976, 0.173, 0.133, -0.182, 0.982, 0.054, -0.121, -0.077, 0.990),
            ["Neck"] = CFrame.new(0.000, -0.000, 0.000, -0.326, -0.647, -0.689, 0.944, -0.176, -0.281, 0.060, -0.742, 0.668),
            ["Left Hip"] = CFrame.new(-0.002, 0.596, -0.006, -0.030, 0.146, 0.989, 0.430, 0.895, -0.119, -0.902, 0.422, -0.090),
            ["Motor6D"] = CFrame.new(0.000, -0.945, 0.000, 1.000, 0.000, 0.000, 0.000, 1.000, 0.000, 0.000, 0.000, 1.000),
            ["RootJoint"] = CFrame.new(0.135, 0.189, -0.415, -0.387, 0.920, 0.063, -0.511, -0.157, -0.845, -0.768, -0.359, 0.531),
        }},
        [50] = { Time = 0.49, Transforms = {
            ["Left Shoulder"] = CFrame.new(-0.345, -0.343, 0.429, 0.361, 0.927, 0.102, 0.525, -0.292, 0.799, 0.771, -0.235, -0.592),
            ["Right Shoulder"] = CFrame.new(0.096, 0.078, 0.415, -0.802, 0.320, -0.504, 0.587, 0.272, -0.762, -0.107, -0.908, -0.406),
            ["Right Hip"] = CFrame.new(0.349, -0.138, -0.216, 0.976, 0.173, 0.133, -0.182, 0.982, 0.054, -0.121, -0.077, 0.990),
            ["Neck"] = CFrame.new(0.000, -0.000, 0.000, -0.326, -0.647, -0.689, 0.944, -0.176, -0.281, 0.060, -0.742, 0.668),
            ["Left Hip"] = CFrame.new(-0.002, 0.596, -0.006, -0.030, 0.146, 0.989, 0.430, 0.895, -0.119, -0.902, 0.422, -0.090),
            ["Motor6D"] = CFrame.new(0.000, -0.945, 0.000, 1.000, 0.000, 0.000, 0.000, 1.000, 0.000, 0.000, 0.000, 1.000),
            ["RootJoint"] = CFrame.new(0.135, 0.189, -0.415, -0.387, 0.920, 0.063, -0.511, -0.157, -0.845, -0.768, -0.359, 0.531),
        }},
        [51] = { Time = 0.50, Transforms = {
            ["Left Shoulder"] = CFrame.new(-0.345, -0.343, 0.429, 0.361, 0.927, 0.102, 0.525, -0.292, 0.799, 0.771, -0.235, -0.592),
            ["Right Shoulder"] = CFrame.new(0.096, 0.078, 0.415, -0.802, 0.320, -0.504, 0.587, 0.272, -0.762, -0.107, -0.908, -0.406),
            ["Right Hip"] = CFrame.new(0.349, -0.138, -0.216, 0.976, 0.173, 0.133, -0.182, 0.982, 0.054, -0.121, -0.077, 0.990),
            ["Neck"] = CFrame.new(0.000, -0.000, 0.000, -0.326, -0.647, -0.689, 0.944, -0.176, -0.281, 0.060, -0.742, 0.668),
            ["Left Hip"] = CFrame.new(-0.002, 0.596, -0.006, -0.030, 0.146, 0.989, 0.430, 0.895, -0.119, -0.902, 0.422, -0.090),
            ["Motor6D"] = CFrame.new(0.000, -0.945, 0.000, 1.000, 0.000, 0.000, 0.000, 1.000, 0.000, 0.000, 0.000, 1.000),
            ["RootJoint"] = CFrame.new(0.135, 0.189, -0.415, -0.387, 0.920, 0.063, -0.511, -0.157, -0.845, -0.768, -0.359, 0.531),
        }},
        [52] = { Time = 0.51, Transforms = {
            ["Left Shoulder"] = CFrame.new(-0.345, -0.343, 0.429, 0.361, 0.927, 0.102, 0.525, -0.292, 0.799, 0.771, -0.235, -0.592),
            ["Right Shoulder"] = CFrame.new(0.096, 0.078, 0.415, -0.802, 0.320, -0.504, 0.587, 0.272, -0.762, -0.107, -0.908, -0.406),
            ["Right Hip"] = CFrame.new(0.349, -0.138, -0.216, 0.976, 0.173, 0.133, -0.182, 0.982, 0.054, -0.121, -0.077, 0.990),
            ["Neck"] = CFrame.new(0.000, -0.000, 0.000, -0.326, -0.647, -0.689, 0.944, -0.176, -0.281, 0.060, -0.742, 0.668),
            ["Left Hip"] = CFrame.new(-0.002, 0.596, -0.006, -0.030, 0.146, 0.989, 0.430, 0.895, -0.119, -0.902, 0.422, -0.090),
            ["Motor6D"] = CFrame.new(0.000, -0.945, 0.000, 1.000, 0.000, 0.000, 0.000, 1.000, 0.000, 0.000, 0.000, 1.000),
            ["RootJoint"] = CFrame.new(0.135, 0.189, -0.415, -0.387, 0.920, 0.063, -0.511, -0.157, -0.845, -0.768, -0.359, 0.531),
        }},
        [53] = { Time = 0.52, Transforms = {
            ["Left Shoulder"] = CFrame.new(-0.345, -0.343, 0.429, 0.361, 0.927, 0.102, 0.525, -0.292, 0.799, 0.771, -0.235, -0.592),
            ["Right Shoulder"] = CFrame.new(0.096, 0.078, 0.415, -0.802, 0.320, -0.504, 0.587, 0.272, -0.762, -0.107, -0.908, -0.406),
            ["Right Hip"] = CFrame.new(0.349, -0.138, -0.216, 0.976, 0.173, 0.133, -0.182, 0.982, 0.054, -0.121, -0.077, 0.990),
            ["Neck"] = CFrame.new(0.000, -0.000, 0.000, -0.326, -0.647, -0.689, 0.944, -0.176, -0.281, 0.060, -0.742, 0.668),
            ["Left Hip"] = CFrame.new(-0.002, 0.596, -0.006, -0.030, 0.146, 0.989, 0.430, 0.895, -0.119, -0.902, 0.422, -0.090),
            ["Motor6D"] = CFrame.new(0.000, -0.945, 0.000, 1.000, 0.000, 0.000, 0.000, 1.000, 0.000, 0.000, 0.000, 1.000),
            ["RootJoint"] = CFrame.new(0.135, 0.189, -0.415, -0.387, 0.920, 0.063, -0.511, -0.157, -0.845, -0.768, -0.359, 0.531),
        }},
        [54] = { Time = 0.53, Transforms = {
            ["Left Shoulder"] = CFrame.new(-0.345, -0.343, 0.429, 0.361, 0.927, 0.102, 0.525, -0.292, 0.799, 0.771, -0.235, -0.592),
            ["Right Shoulder"] = CFrame.new(0.096, 0.078, 0.415, -0.802, 0.320, -0.504, 0.587, 0.272, -0.762, -0.107, -0.908, -0.406),
            ["Right Hip"] = CFrame.new(0.349, -0.138, -0.216, 0.976, 0.173, 0.133, -0.182, 0.982, 0.054, -0.121, -0.077, 0.990),
            ["Neck"] = CFrame.new(0.000, -0.000, 0.000, -0.326, -0.647, -0.689, 0.944, -0.176, -0.281, 0.060, -0.742, 0.668),
            ["Left Hip"] = CFrame.new(-0.002, 0.596, -0.006, -0.030, 0.146, 0.989, 0.430, 0.895, -0.119, -0.902, 0.422, -0.090),
            ["Motor6D"] = CFrame.new(0.000, -0.945, 0.000, 1.000, 0.000, 0.000, 0.000, 1.000, 0.000, 0.000, 0.000, 1.000),
            ["RootJoint"] = CFrame.new(0.135, 0.189, -0.415, -0.387, 0.920, 0.063, -0.511, -0.157, -0.845, -0.768, -0.359, 0.531),
        }},
        [55] = { Time = 0.54, Transforms = {
            ["Left Shoulder"] = CFrame.new(-0.345, -0.343, 0.429, 0.361, 0.927, 0.102, 0.525, -0.292, 0.799, 0.771, -0.235, -0.592),
            ["Right Shoulder"] = CFrame.new(0.096, 0.078, 0.415, -0.802, 0.320, -0.504, 0.587, 0.272, -0.762, -0.107, -0.908, -0.406),
            ["Right Hip"] = CFrame.new(0.349, -0.138, -0.216, 0.976, 0.173, 0.133, -0.182, 0.982, 0.054, -0.121, -0.077, 0.990),
            ["Neck"] = CFrame.new(0.000, -0.000, 0.000, -0.326, -0.647, -0.689, 0.944, -0.176, -0.281, 0.060, -0.742, 0.668),
            ["Left Hip"] = CFrame.new(-0.002, 0.596, -0.006, -0.030, 0.146, 0.989, 0.430, 0.895, -0.119, -0.902, 0.422, -0.090),
            ["Motor6D"] = CFrame.new(0.000, -0.945, 0.000, 1.000, 0.000, 0.000, 0.000, 1.000, 0.000, 0.000, 0.000, 1.000),
            ["RootJoint"] = CFrame.new(0.135, 0.189, -0.415, -0.387, 0.920, 0.063, -0.511, -0.157, -0.845, -0.768, -0.359, 0.531),
        }},
        [56] = { Time = 0.55, Transforms = {
            ["Left Shoulder"] = CFrame.new(-0.345, -0.343, 0.429, 0.361, 0.927, 0.102, 0.525, -0.292, 0.799, 0.771, -0.235, -0.592),
            ["Right Shoulder"] = CFrame.new(0.096, 0.078, 0.415, -0.802, 0.320, -0.504, 0.587, 0.272, -0.762, -0.107, -0.908, -0.406),
            ["Right Hip"] = CFrame.new(0.349, -0.138, -0.216, 0.976, 0.173, 0.133, -0.182, 0.982, 0.054, -0.121, -0.077, 0.990),
            ["Neck"] = CFrame.new(0.000, -0.000, 0.000, -0.326, -0.647, -0.689, 0.944, -0.176, -0.281, 0.060, -0.742, 0.668),
            ["Left Hip"] = CFrame.new(-0.002, 0.596, -0.006, -0.030, 0.146, 0.989, 0.430, 0.895, -0.119, -0.902, 0.422, -0.090),
            ["Motor6D"] = CFrame.new(0.000, -0.945, 0.000, 1.000, 0.000, 0.000, 0.000, 1.000, 0.000, 0.000, 0.000, 1.000),
            ["RootJoint"] = CFrame.new(0.135, 0.189, -0.415, -0.387, 0.920, 0.063, -0.511, -0.157, -0.845, -0.768, -0.359, 0.531),
        }},
        [57] = { Time = 0.56, Transforms = {
            ["Left Shoulder"] = CFrame.new(-0.345, -0.343, 0.429, 0.361, 0.927, 0.102, 0.525, -0.292, 0.799, 0.771, -0.235, -0.592),
            ["Right Shoulder"] = CFrame.new(0.096, 0.078, 0.415, -0.802, 0.320, -0.504, 0.587, 0.272, -0.762, -0.107, -0.908, -0.406),
            ["Right Hip"] = CFrame.new(0.349, -0.138, -0.216, 0.976, 0.173, 0.133, -0.182, 0.982, 0.054, -0.121, -0.077, 0.990),
            ["Neck"] = CFrame.new(0.000, -0.000, 0.000, -0.326, -0.647, -0.689, 0.944, -0.176, -0.281, 0.060, -0.742, 0.668),
            ["Left Hip"] = CFrame.new(-0.002, 0.596, -0.006, -0.030, 0.146, 0.989, 0.430, 0.895, -0.119, -0.902, 0.422, -0.090),
            ["Motor6D"] = CFrame.new(0.000, -0.945, 0.000, 1.000, 0.000, 0.000, 0.000, 1.000, 0.000, 0.000, 0.000, 1.000),
            ["RootJoint"] = CFrame.new(0.135, 0.189, -0.415, -0.387, 0.920, 0.063, -0.511, -0.157, -0.845, -0.768, -0.359, 0.531),
        }},
        [58] = { Time = 0.57, Transforms = {
            ["Left Shoulder"] = CFrame.new(-0.345, -0.343, 0.429, 0.361, 0.927, 0.102, 0.525, -0.292, 0.799, 0.771, -0.235, -0.592),
            ["Right Shoulder"] = CFrame.new(0.096, 0.078, 0.415, -0.802, 0.320, -0.504, 0.587, 0.272, -0.762, -0.107, -0.908, -0.406),
            ["Right Hip"] = CFrame.new(0.349, -0.138, -0.216, 0.976, 0.173, 0.133, -0.182, 0.982, 0.054, -0.121, -0.077, 0.990),
            ["Neck"] = CFrame.new(0.000, -0.000, 0.000, -0.326, -0.647, -0.689, 0.944, -0.176, -0.281, 0.060, -0.742, 0.668),
            ["Left Hip"] = CFrame.new(-0.002, 0.596, -0.006, -0.030, 0.146, 0.989, 0.430, 0.895, -0.119, -0.902, 0.422, -0.090),
            ["Motor6D"] = CFrame.new(0.000, -0.945, 0.000, 1.000, 0.000, 0.000, 0.000, 1.000, 0.000, 0.000, 0.000, 1.000),
            ["RootJoint"] = CFrame.new(0.135, 0.189, -0.415, -0.387, 0.920, 0.063, -0.511, -0.157, -0.845, -0.768, -0.359, 0.531),
        }},
        [59] = { Time = 0.58, Transforms = {
            ["Left Shoulder"] = CFrame.new(-0.345, -0.343, 0.429, 0.361, 0.927, 0.102, 0.525, -0.292, 0.799, 0.771, -0.235, -0.592),
            ["Right Shoulder"] = CFrame.new(0.096, 0.078, 0.415, -0.802, 0.320, -0.504, 0.587, 0.272, -0.762, -0.107, -0.908, -0.406),
            ["Right Hip"] = CFrame.new(0.349, -0.138, -0.216, 0.976, 0.173, 0.133, -0.182, 0.982, 0.054, -0.121, -0.077, 0.990),
            ["Neck"] = CFrame.new(0.000, -0.000, 0.000, -0.326, -0.647, -0.689, 0.944, -0.176, -0.281, 0.060, -0.742, 0.668),
            ["Left Hip"] = CFrame.new(-0.002, 0.596, -0.006, -0.030, 0.146, 0.989, 0.430, 0.895, -0.119, -0.902, 0.422, -0.090),
            ["Motor6D"] = CFrame.new(0.000, -0.945, 0.000, 1.000, 0.000, 0.000, 0.000, 1.000, 0.000, 0.000, 0.000, 1.000),
            ["RootJoint"] = CFrame.new(0.135, 0.189, -0.415, -0.387, 0.920, 0.063, -0.511, -0.157, -0.845, -0.768, -0.359, 0.531),
        }},
        [60] = { Time = 0.59, Transforms = {
            ["Left Shoulder"] = CFrame.new(-0.345, -0.343, 0.429, 0.361, 0.927, 0.102, 0.525, -0.292, 0.799, 0.771, -0.235, -0.592),
            ["Right Shoulder"] = CFrame.new(0.096, 0.078, 0.415, -0.802, 0.320, -0.504, 0.587, 0.272, -0.762, -0.107, -0.908, -0.406),
            ["Right Hip"] = CFrame.new(0.349, -0.138, -0.216, 0.976, 0.173, 0.133, -0.182, 0.982, 0.054, -0.121, -0.077, 0.990),
            ["Neck"] = CFrame.new(0.000, -0.000, 0.000, -0.326, -0.647, -0.689, 0.944, -0.176, -0.281, 0.060, -0.742, 0.668),
            ["Left Hip"] = CFrame.new(-0.002, 0.596, -0.006, -0.030, 0.146, 0.989, 0.430, 0.895, -0.119, -0.902, 0.422, -0.090),
            ["Motor6D"] = CFrame.new(0.000, -0.945, 0.000, 1.000, 0.000, 0.000, 0.000, 1.000, 0.000, 0.000, 0.000, 1.000),
            ["RootJoint"] = CFrame.new(0.135, 0.189, -0.415, -0.387, 0.920, 0.063, -0.511, -0.157, -0.845, -0.768, -0.359, 0.531),
        }},
        [61] = { Time = 0.60, Transforms = {
            ["Left Shoulder"] = CFrame.new(-0.345, -0.343, 0.429, 0.361, 0.927, 0.102, 0.525, -0.292, 0.799, 0.771, -0.235, -0.592),
            ["Right Shoulder"] = CFrame.new(0.096, 0.078, 0.415, -0.802, 0.320, -0.504, 0.587, 0.272, -0.762, -0.107, -0.908, -0.406),
            ["Right Hip"] = CFrame.new(0.349, -0.138, -0.216, 0.976, 0.173, 0.133, -0.182, 0.982, 0.054, -0.121, -0.077, 0.990),
            ["Neck"] = CFrame.new(0.000, -0.000, 0.000, -0.326, -0.647, -0.689, 0.944, -0.176, -0.281, 0.060, -0.742, 0.668),
            ["Left Hip"] = CFrame.new(-0.002, 0.596, -0.006, -0.030, 0.146, 0.989, 0.430, 0.895, -0.119, -0.902, 0.422, -0.090),
            ["Motor6D"] = CFrame.new(0.000, -0.945, 0.000, 1.000, 0.000, 0.000, 0.000, 1.000, 0.000, 0.000, 0.000, 1.000),
            ["RootJoint"] = CFrame.new(0.135, 0.189, -0.415, -0.387, 0.920, 0.063, -0.511, -0.157, -0.845, -0.768, -0.359, 0.531),
        }},
        [62] = { Time = 0.61, Transforms = {
            ["Left Shoulder"] = CFrame.new(-0.345, -0.343, 0.429, 0.361, 0.927, 0.102, 0.525, -0.292, 0.799, 0.771, -0.235, -0.592),
            ["Right Shoulder"] = CFrame.new(0.096, 0.078, 0.415, -0.802, 0.320, -0.504, 0.587, 0.272, -0.762, -0.107, -0.908, -0.406),
            ["Right Hip"] = CFrame.new(0.349, -0.138, -0.216, 0.976, 0.173, 0.133, -0.182, 0.982, 0.054, -0.121, -0.077, 0.990),
            ["Neck"] = CFrame.new(0.000, -0.000, 0.000, -0.326, -0.647, -0.689, 0.944, -0.176, -0.281, 0.060, -0.742, 0.668),
            ["Left Hip"] = CFrame.new(-0.002, 0.596, -0.006, -0.030, 0.146, 0.989, 0.430, 0.895, -0.119, -0.902, 0.422, -0.090),
            ["Motor6D"] = CFrame.new(0.000, -0.945, 0.000, 1.000, 0.000, 0.000, 0.000, 1.000, 0.000, 0.000, 0.000, 1.000),
            ["RootJoint"] = CFrame.new(0.135, 0.189, -0.415, -0.387, 0.920, 0.063, -0.511, -0.157, -0.845, -0.768, -0.359, 0.531),
        }},
        [63] = { Time = 0.62, Transforms = {
            ["Left Shoulder"] = CFrame.new(-0.345, -0.343, 0.429, 0.361, 0.927, 0.102, 0.525, -0.292, 0.799, 0.771, -0.235, -0.592),
            ["Right Shoulder"] = CFrame.new(0.096, 0.078, 0.415, -0.802, 0.320, -0.504, 0.587, 0.272, -0.762, -0.107, -0.908, -0.406),
            ["Right Hip"] = CFrame.new(0.349, -0.138, -0.216, 0.976, 0.173, 0.133, -0.182, 0.982, 0.054, -0.121, -0.077, 0.990),
            ["Neck"] = CFrame.new(0.000, -0.000, 0.000, -0.326, -0.647, -0.689, 0.944, -0.176, -0.281, 0.060, -0.742, 0.668),
            ["Left Hip"] = CFrame.new(-0.002, 0.596, -0.006, -0.030, 0.146, 0.989, 0.430, 0.895, -0.119, -0.902, 0.422, -0.090),
            ["Motor6D"] = CFrame.new(0.000, -0.945, 0.000, 1.000, 0.000, 0.000, 0.000, 1.000, 0.000, 0.000, 0.000, 1.000),
            ["RootJoint"] = CFrame.new(0.135, 0.189, -0.415, -0.387, 0.920, 0.063, -0.511, -0.157, -0.845, -0.768, -0.359, 0.531),
        }},
        [64] = { Time = 0.63, Transforms = {
            ["Left Shoulder"] = CFrame.new(-0.345, -0.343, 0.429, 0.361, 0.927, 0.102, 0.525, -0.292, 0.799, 0.771, -0.235, -0.592),
            ["Right Shoulder"] = CFrame.new(0.096, 0.078, 0.415, -0.802, 0.320, -0.504, 0.587, 0.272, -0.762, -0.107, -0.908, -0.406),
            ["Right Hip"] = CFrame.new(0.349, -0.138, -0.216, 0.976, 0.173, 0.133, -0.182, 0.982, 0.054, -0.121, -0.077, 0.990),
            ["Neck"] = CFrame.new(0.000, -0.000, 0.000, -0.326, -0.647, -0.689, 0.944, -0.176, -0.281, 0.060, -0.742, 0.668),
            ["Left Hip"] = CFrame.new(-0.002, 0.596, -0.006, -0.030, 0.146, 0.989, 0.430, 0.895, -0.119, -0.902, 0.422, -0.090),
            ["Motor6D"] = CFrame.new(0.000, -0.945, 0.000, 1.000, 0.000, 0.000, 0.000, 1.000, 0.000, 0.000, 0.000, 1.000),
            ["RootJoint"] = CFrame.new(0.135, 0.189, -0.415, -0.387, 0.920, 0.063, -0.511, -0.157, -0.845, -0.768, -0.359, 0.531),
        }},
        [65] = { Time = 0.64, Transforms = {
            ["Left Shoulder"] = CFrame.new(-0.345, -0.343, 0.429, 0.361, 0.927, 0.102, 0.525, -0.292, 0.799, 0.771, -0.235, -0.592),
            ["Right Shoulder"] = CFrame.new(0.096, 0.078, 0.415, -0.802, 0.320, -0.504, 0.587, 0.272, -0.762, -0.107, -0.908, -0.406),
            ["Right Hip"] = CFrame.new(0.349, -0.138, -0.216, 0.976, 0.173, 0.133, -0.182, 0.982, 0.054, -0.121, -0.077, 0.990),
            ["Neck"] = CFrame.new(0.000, -0.000, 0.000, -0.326, -0.647, -0.689, 0.944, -0.176, -0.281, 0.060, -0.742, 0.668),
            ["Left Hip"] = CFrame.new(-0.002, 0.596, -0.006, -0.030, 0.146, 0.989, 0.430, 0.895, -0.119, -0.902, 0.422, -0.090),
            ["Motor6D"] = CFrame.new(0.000, -0.945, 0.000, 1.000, 0.000, 0.000, 0.000, 1.000, 0.000, 0.000, 0.000, 1.000),
            ["RootJoint"] = CFrame.new(0.135, 0.189, -0.415, -0.387, 0.920, 0.063, -0.511, -0.157, -0.845, -0.768, -0.359, 0.531),
        }},
        [66] = { Time = 0.65, Transforms = {
            ["Left Shoulder"] = CFrame.new(-0.345, -0.343, 0.429, 0.361, 0.927, 0.102, 0.525, -0.292, 0.799, 0.771, -0.235, -0.592),
            ["Right Shoulder"] = CFrame.new(0.096, 0.078, 0.415, -0.802, 0.320, -0.504, 0.587, 0.272, -0.762, -0.107, -0.908, -0.406),
            ["Right Hip"] = CFrame.new(0.349, -0.138, -0.216, 0.976, 0.173, 0.133, -0.182, 0.982, 0.054, -0.121, -0.077, 0.990),
            ["Neck"] = CFrame.new(0.000, -0.000, 0.000, -0.326, -0.647, -0.689, 0.944, -0.176, -0.281, 0.060, -0.742, 0.668),
            ["Left Hip"] = CFrame.new(-0.002, 0.596, -0.006, -0.030, 0.146, 0.989, 0.430, 0.895, -0.119, -0.902, 0.422, -0.090),
            ["Motor6D"] = CFrame.new(0.000, -0.945, 0.000, 1.000, 0.000, 0.000, 0.000, 1.000, 0.000, 0.000, 0.000, 1.000),
            ["RootJoint"] = CFrame.new(0.135, 0.189, -0.415, -0.387, 0.920, 0.063, -0.511, -0.157, -0.845, -0.768, -0.359, 0.531),
        }},
        [67] = { Time = 0.66, Transforms = {
            ["Left Shoulder"] = CFrame.new(-0.345, -0.343, 0.429, 0.361, 0.927, 0.102, 0.525, -0.292, 0.799, 0.771, -0.235, -0.592),
            ["Right Shoulder"] = CFrame.new(0.096, 0.078, 0.415, -0.802, 0.320, -0.504, 0.587, 0.272, -0.762, -0.107, -0.908, -0.406),
            ["Right Hip"] = CFrame.new(0.349, -0.138, -0.216, 0.976, 0.173, 0.133, -0.182, 0.982, 0.054, -0.121, -0.077, 0.990),
            ["Neck"] = CFrame.new(0.000, -0.000, 0.000, -0.326, -0.647, -0.689, 0.944, -0.176, -0.281, 0.060, -0.742, 0.668),
            ["Left Hip"] = CFrame.new(-0.002, 0.596, -0.006, -0.030, 0.146, 0.989, 0.430, 0.895, -0.119, -0.902, 0.422, -0.090),
            ["Motor6D"] = CFrame.new(0.000, -0.945, 0.000, 1.000, 0.000, 0.000, 0.000, 1.000, 0.000, 0.000, 0.000, 1.000),
            ["RootJoint"] = CFrame.new(0.135, 0.189, -0.415, -0.387, 0.920, 0.063, -0.511, -0.157, -0.845, -0.768, -0.359, 0.531),
        }},
        [68] = { Time = 0.67, Transforms = {
            ["Left Shoulder"] = CFrame.new(-0.345, -0.343, 0.429, 0.361, 0.927, 0.102, 0.525, -0.292, 0.799, 0.771, -0.235, -0.592),
            ["Right Shoulder"] = CFrame.new(0.096, 0.078, 0.415, -0.802, 0.320, -0.504, 0.587, 0.272, -0.762, -0.107, -0.908, -0.406),
            ["Right Hip"] = CFrame.new(0.349, -0.138, -0.216, 0.976, 0.173, 0.133, -0.182, 0.982, 0.054, -0.121, -0.077, 0.990),
            ["Neck"] = CFrame.new(0.000, -0.000, 0.000, -0.326, -0.647, -0.689, 0.944, -0.176, -0.281, 0.060, -0.742, 0.668),
            ["Left Hip"] = CFrame.new(-0.002, 0.596, -0.006, -0.030, 0.146, 0.989, 0.430, 0.895, -0.119, -0.902, 0.422, -0.090),
            ["Motor6D"] = CFrame.new(0.000, -0.945, 0.000, 1.000, 0.000, 0.000, 0.000, 1.000, 0.000, 0.000, 0.000, 1.000),
            ["RootJoint"] = CFrame.new(0.135, 0.189, -0.415, -0.387, 0.920, 0.063, -0.511, -0.157, -0.845, -0.768, -0.359, 0.531),
        }},
        [69] = { Time = 0.68, Transforms = {
            ["Left Shoulder"] = CFrame.new(-0.345, -0.343, 0.429, 0.361, 0.927, 0.102, 0.525, -0.292, 0.799, 0.771, -0.235, -0.592),
            ["Right Shoulder"] = CFrame.new(0.096, 0.078, 0.415, -0.802, 0.320, -0.504, 0.587, 0.272, -0.762, -0.107, -0.908, -0.406),
            ["Right Hip"] = CFrame.new(0.349, -0.138, -0.216, 0.976, 0.173, 0.133, -0.182, 0.982, 0.054, -0.121, -0.077, 0.990),
            ["Neck"] = CFrame.new(0.000, -0.000, 0.000, -0.326, -0.647, -0.689, 0.944, -0.176, -0.281, 0.060, -0.742, 0.668),
            ["Left Hip"] = CFrame.new(-0.002, 0.596, -0.006, -0.030, 0.146, 0.989, 0.430, 0.895, -0.119, -0.902, 0.422, -0.090),
            ["Motor6D"] = CFrame.new(0.000, -0.945, 0.000, 1.000, 0.000, 0.000, 0.000, 1.000, 0.000, 0.000, 0.000, 1.000),
            ["RootJoint"] = CFrame.new(0.135, 0.189, -0.415, -0.387, 0.920, 0.063, -0.511, -0.157, -0.845, -0.768, -0.359, 0.531),
        }},
        [70] = { Time = 0.69, Transforms = {
            ["Left Shoulder"] = CFrame.new(-0.345, -0.343, 0.429, 0.361, 0.927, 0.102, 0.525, -0.292, 0.799, 0.771, -0.235, -0.592),
            ["Right Shoulder"] = CFrame.new(0.096, 0.078, 0.415, -0.802, 0.320, -0.504, 0.587, 0.272, -0.762, -0.107, -0.908, -0.406),
            ["Right Hip"] = CFrame.new(0.349, -0.138, -0.216, 0.976, 0.173, 0.133, -0.182, 0.982, 0.054, -0.121, -0.077, 0.990),
            ["Neck"] = CFrame.new(0.000, -0.000, 0.000, -0.326, -0.647, -0.689, 0.944, -0.176, -0.281, 0.060, -0.742, 0.668),
            ["Left Hip"] = CFrame.new(-0.002, 0.596, -0.006, -0.030, 0.146, 0.989, 0.430, 0.895, -0.119, -0.902, 0.422, -0.090),
            ["Motor6D"] = CFrame.new(0.000, -0.945, 0.000, 1.000, 0.000, 0.000, 0.000, 1.000, 0.000, 0.000, 0.000, 1.000),
            ["RootJoint"] = CFrame.new(0.135, 0.189, -0.415, -0.387, 0.920, 0.063, -0.511, -0.157, -0.845, -0.768, -0.359, 0.531),
        }},
        [71] = { Time = 0.70, Transforms = {
            ["Left Shoulder"] = CFrame.new(-0.345, -0.343, 0.429, 0.361, 0.927, 0.102, 0.525, -0.292, 0.799, 0.771, -0.235, -0.592),
            ["Right Shoulder"] = CFrame.new(0.096, 0.078, 0.415, -0.802, 0.320, -0.504, 0.587, 0.272, -0.762, -0.107, -0.908, -0.406),
            ["Right Hip"] = CFrame.new(0.349, -0.138, -0.216, 0.976, 0.173, 0.133, -0.182, 0.982, 0.054, -0.121, -0.077, 0.990),
            ["Neck"] = CFrame.new(0.000, -0.000, 0.000, -0.326, -0.647, -0.689, 0.944, -0.176, -0.281, 0.060, -0.742, 0.668),
            ["Left Hip"] = CFrame.new(-0.002, 0.596, -0.006, -0.030, 0.146, 0.989, 0.430, 0.895, -0.119, -0.902, 0.422, -0.090),
            ["Motor6D"] = CFrame.new(0.000, -0.945, 0.000, 1.000, 0.000, 0.000, 0.000, 1.000, 0.000, 0.000, 0.000, 1.000),
            ["RootJoint"] = CFrame.new(0.135, 0.189, -0.415, -0.387, 0.920, 0.063, -0.511, -0.157, -0.845, -0.768, -0.359, 0.531),
        }},
        [72] = { Time = 0.71, Transforms = {
            ["Left Shoulder"] = CFrame.new(-0.345, -0.343, 0.429, 0.361, 0.927, 0.102, 0.525, -0.292, 0.799, 0.771, -0.235, -0.592),
            ["Right Shoulder"] = CFrame.new(0.096, 0.078, 0.415, -0.802, 0.320, -0.504, 0.587, 0.272, -0.762, -0.107, -0.908, -0.406),
            ["Right Hip"] = CFrame.new(0.349, -0.138, -0.216, 0.976, 0.173, 0.133, -0.182, 0.982, 0.054, -0.121, -0.077, 0.990),
            ["Neck"] = CFrame.new(0.000, -0.000, 0.000, -0.326, -0.647, -0.689, 0.944, -0.176, -0.281, 0.060, -0.742, 0.668),
            ["Left Hip"] = CFrame.new(-0.002, 0.596, -0.006, -0.030, 0.146, 0.989, 0.430, 0.895, -0.119, -0.902, 0.422, -0.090),
            ["Motor6D"] = CFrame.new(0.000, -0.945, 0.000, 1.000, 0.000, 0.000, 0.000, 1.000, 0.000, 0.000, 0.000, 1.000),
            ["RootJoint"] = CFrame.new(0.135, 0.189, -0.415, -0.387, 0.920, 0.063, -0.511, -0.157, -0.845, -0.768, -0.359, 0.531),
        }},
        [73] = { Time = 0.72, Transforms = {
            ["Left Shoulder"] = CFrame.new(-0.345, -0.343, 0.429, 0.361, 0.927, 0.102, 0.525, -0.292, 0.799, 0.771, -0.235, -0.592),
            ["Right Shoulder"] = CFrame.new(0.096, 0.078, 0.415, -0.802, 0.320, -0.504, 0.587, 0.272, -0.762, -0.107, -0.908, -0.406),
            ["Right Hip"] = CFrame.new(0.349, -0.138, -0.216, 0.976, 0.173, 0.133, -0.182, 0.982, 0.054, -0.121, -0.077, 0.990),
            ["Neck"] = CFrame.new(0.000, -0.000, 0.000, -0.326, -0.647, -0.689, 0.944, -0.176, -0.281, 0.060, -0.742, 0.668),
            ["Left Hip"] = CFrame.new(-0.002, 0.596, -0.006, -0.030, 0.146, 0.989, 0.430, 0.895, -0.119, -0.902, 0.422, -0.090),
            ["Motor6D"] = CFrame.new(0.000, -0.945, 0.000, 1.000, 0.000, 0.000, 0.000, 1.000, 0.000, 0.000, 0.000, 1.000),
            ["RootJoint"] = CFrame.new(0.135, 0.189, -0.415, -0.387, 0.920, 0.063, -0.511, -0.157, -0.845, -0.768, -0.359, 0.531),
        }},
        [74] = { Time = 0.73, Transforms = {
            ["Left Shoulder"] = CFrame.new(-0.345, -0.343, 0.429, 0.361, 0.927, 0.102, 0.525, -0.292, 0.799, 0.771, -0.235, -0.592),
            ["Right Shoulder"] = CFrame.new(0.096, 0.078, 0.415, -0.802, 0.320, -0.504, 0.587, 0.272, -0.762, -0.107, -0.908, -0.406),
            ["Right Hip"] = CFrame.new(0.349, -0.138, -0.216, 0.976, 0.173, 0.133, -0.182, 0.982, 0.054, -0.121, -0.077, 0.990),
            ["Neck"] = CFrame.new(0.000, -0.000, 0.000, -0.326, -0.647, -0.689, 0.944, -0.176, -0.281, 0.060, -0.742, 0.668),
            ["Left Hip"] = CFrame.new(-0.002, 0.596, -0.006, -0.030, 0.146, 0.989, 0.430, 0.895, -0.119, -0.902, 0.422, -0.090),
            ["Motor6D"] = CFrame.new(0.000, -0.945, 0.000, 1.000, 0.000, 0.000, 0.000, 1.000, 0.000, 0.000, 0.000, 1.000),
            ["RootJoint"] = CFrame.new(0.135, 0.189, -0.415, -0.387, 0.920, 0.063, -0.511, -0.157, -0.845, -0.768, -0.359, 0.531),
        }},
        [75] = { Time = 0.74, Transforms = {
            ["Left Shoulder"] = CFrame.new(-0.345, -0.343, 0.429, 0.361, 0.927, 0.102, 0.525, -0.292, 0.799, 0.771, -0.235, -0.592),
            ["Right Shoulder"] = CFrame.new(0.096, 0.078, 0.415, -0.802, 0.320, -0.504, 0.587, 0.272, -0.762, -0.107, -0.908, -0.406),
            ["Right Hip"] = CFrame.new(0.349, -0.138, -0.216, 0.976, 0.173, 0.133, -0.182, 0.982, 0.054, -0.121, -0.077, 0.990),
            ["Neck"] = CFrame.new(0.000, -0.000, 0.000, -0.326, -0.647, -0.689, 0.944, -0.176, -0.281, 0.060, -0.742, 0.668),
            ["Left Hip"] = CFrame.new(-0.002, 0.596, -0.006, -0.030, 0.146, 0.989, 0.430, 0.895, -0.119, -0.902, 0.422, -0.090),
            ["Motor6D"] = CFrame.new(0.000, -0.945, 0.000, 1.000, 0.000, 0.000, 0.000, 1.000, 0.000, 0.000, 0.000, 1.000),
            ["RootJoint"] = CFrame.new(0.135, 0.189, -0.415, -0.387, 0.920, 0.063, -0.511, -0.157, -0.845, -0.768, -0.359, 0.531),
        }},
        [76] = { Time = 0.75, Transforms = {
            ["Left Shoulder"] = CFrame.new(-0.345, -0.343, 0.429, 0.361, 0.927, 0.102, 0.525, -0.292, 0.799, 0.771, -0.235, -0.592),
            ["Right Shoulder"] = CFrame.new(0.096, 0.078, 0.415, -0.802, 0.320, -0.504, 0.587, 0.272, -0.762, -0.107, -0.908, -0.406),
            ["Right Hip"] = CFrame.new(0.349, -0.138, -0.216, 0.976, 0.173, 0.133, -0.182, 0.982, 0.054, -0.121, -0.077, 0.990),
            ["Neck"] = CFrame.new(0.000, -0.000, 0.000, -0.326, -0.647, -0.689, 0.944, -0.176, -0.281, 0.060, -0.742, 0.668),
            ["Left Hip"] = CFrame.new(-0.002, 0.596, -0.006, -0.030, 0.146, 0.989, 0.430, 0.895, -0.119, -0.902, 0.422, -0.090),
            ["Motor6D"] = CFrame.new(0.000, -0.945, 0.000, 1.000, 0.000, 0.000, 0.000, 1.000, 0.000, 0.000, 0.000, 1.000),
            ["RootJoint"] = CFrame.new(0.135, 0.189, -0.415, -0.387, 0.920, 0.063, -0.511, -0.157, -0.845, -0.768, -0.359, 0.531),
        }},
        [77] = { Time = 0.76, Transforms = {
            ["Left Shoulder"] = CFrame.new(-0.369, -0.315, 0.329, 0.353, 0.928, 0.118, 0.507, -0.296, 0.810, 0.786, -0.226, -0.575),
            ["Right Shoulder"] = CFrame.new(0.112, 0.071, 0.323, -0.834, 0.030, -0.551, 0.527, 0.342, -0.778, 0.166, -0.939, -0.301),
            ["Right Hip"] = CFrame.new(0.321, -0.182, -0.265, 0.887, 0.158, 0.434, -0.190, 0.981, 0.031, -0.421, -0.110, 0.900),
            ["Neck"] = CFrame.new(-0.008, -0.005, -0.005, -0.193, -0.735, -0.650, 0.977, -0.080, -0.199, 0.094, -0.674, 0.733),
            ["Left Hip"] = CFrame.new(-0.008, 0.550, 0.021, 0.056, 0.120, 0.991, 0.401, 0.906, -0.132, -0.914, 0.405, 0.003),
            ["Motor6D"] = CFrame.new(0.000, -0.945, 0.000, 1.000, 0.000, 0.000, 0.000, 1.000, 0.000, 0.000, 0.000, 1.000),
            ["RootJoint"] = CFrame.new(0.116, 0.121, -0.389, -0.218, 0.962, 0.165, -0.570, 0.012, -0.821, -0.792, -0.273, 0.546),
        }},
        [78] = { Time = 0.77, Transforms = {
            ["Left Shoulder"] = CFrame.new(-0.392, -0.287, 0.228, 0.345, 0.929, 0.133, 0.489, -0.299, 0.820, 0.801, -0.218, -0.557),
            ["Right Shoulder"] = CFrame.new(0.128, 0.064, 0.230, -0.805, -0.262, -0.533, 0.420, 0.384, -0.822, 0.420, -0.885, -0.199),
            ["Right Hip"] = CFrame.new(0.293, -0.225, -0.314, 0.709, 0.136, 0.692, -0.194, 0.981, 0.006, -0.678, -0.139, 0.722),
            ["Neck"] = CFrame.new(-0.015, -0.010, -0.009, -0.056, -0.803, -0.593, 0.992, 0.023, -0.124, 0.113, -0.595, 0.796),
            ["Left Hip"] = CFrame.new(-0.015, 0.504, 0.049, 0.143, 0.095, 0.985, 0.371, 0.918, -0.142, -0.918, 0.386, 0.096),
            ["Motor6D"] = CFrame.new(0.000, -0.945, 0.000, 1.000, 0.000, 0.000, 0.000, 1.000, 0.000, 0.000, 0.000, 1.000),
            ["RootJoint"] = CFrame.new(0.097, 0.054, -0.363, -0.040, 0.965, 0.261, -0.595, 0.186, -0.782, -0.802, -0.186, 0.567),
        }},
        [79] = { Time = 0.78, Transforms = {
            ["Left Shoulder"] = CFrame.new(-0.416, -0.259, 0.128, 0.336, 0.930, 0.149, 0.471, -0.303, 0.829, 0.816, -0.208, -0.539),
            ["Right Shoulder"] = CFrame.new(0.143, 0.057, 0.138, -0.720, -0.527, -0.451, 0.277, 0.377, -0.884, 0.636, -0.761, -0.126),
            ["Right Hip"] = CFrame.new(0.266, -0.269, -0.363, 0.459, 0.108, 0.882, -0.193, 0.981, -0.019, -0.867, -0.162, 0.471),
            ["Neck"] = CFrame.new(-0.023, -0.015, -0.014, 0.083, -0.851, -0.519, 0.990, 0.131, -0.057, 0.117, -0.509, 0.853),
            ["Left Hip"] = CFrame.new(-0.021, 0.458, 0.077, 0.230, 0.072, 0.971, 0.339, 0.929, -0.149, -0.912, 0.363, 0.189),
            ["Motor6D"] = CFrame.new(0.000, -0.945, 0.000, 1.000, 0.000, 0.000, 0.000, 1.000, 0.000, 0.000, 0.000, 1.000),
            ["RootJoint"] = CFrame.new(0.078, -0.014, -0.338, 0.138, 0.928, 0.347, -0.585, 0.359, -0.727, -0.799, -0.102, 0.592),
        }},
        [80] = { Time = 0.79, Transforms = {
            ["Left Shoulder"] = CFrame.new(-0.439, -0.231, 0.028, 0.327, 0.931, 0.165, 0.452, -0.307, 0.837, 0.830, -0.199, -0.521),
            ["Right Shoulder"] = CFrame.new(0.159, 0.049, 0.045, -0.589, -0.745, -0.315, 0.112, 0.310, -0.944, 0.800, -0.591, -0.099),
            ["Right Hip"] = CFrame.new(0.238, -0.312, -0.412, 0.163, 0.075, 0.984, -0.188, 0.981, -0.044, -0.969, -0.177, 0.174),
            ["Neck"] = CFrame.new(-0.030, -0.021, -0.019, 0.218, -0.876, -0.430, 0.970, 0.242, -0.001, 0.104, -0.417, 0.903),
            ["Left Hip"] = CFrame.new(-0.027, 0.412, 0.105, 0.315, 0.051, 0.948, 0.306, 0.940, -0.152, -0.898, 0.338, 0.280),
            ["Motor6D"] = CFrame.new(0.000, -0.945, 0.000, 1.000, 0.000, 0.000, 0.000, 1.000, 0.000, 0.000, 0.000, 1.000),
            ["RootJoint"] = CFrame.new(0.059, -0.081, -0.312, 0.310, 0.852, 0.422, -0.540, 0.523, -0.660, -0.783, -0.023, 0.622),
        }},
        [81] = { Time = 0.80, Transforms = {
            ["Left Shoulder"] = CFrame.new(-0.462, -0.203, -0.073, 0.317, 0.931, 0.180, 0.434, -0.311, 0.845, 0.843, -0.190, -0.503),
            ["Right Shoulder"] = CFrame.new(0.175, 0.042, -0.047, -0.422, -0.896, -0.140, -0.059, 0.181, -0.982, 0.905, -0.406, -0.129),
            ["Right Hip"] = CFrame.new(0.210, -0.356, -0.462, -0.149, 0.041, 0.988, -0.177, 0.982, -0.067, -0.973, -0.185, -0.139),
            ["Neck"] = CFrame.new(-0.038, -0.026, -0.024, 0.346, -0.879, -0.327, 0.935, 0.351, 0.044, 0.076, -0.321, 0.944),
            ["Left Hip"] = CFrame.new(-0.034, 0.367, 0.133, 0.398, 0.033, 0.917, 0.273, 0.950, -0.153, -0.876, 0.311, 0.369),
            ["Motor6D"] = CFrame.new(0.000, -0.945, 0.000, 1.000, 0.000, 0.000, 0.000, 1.000, 0.000, 0.000, 0.000, 1.000),
            ["RootJoint"] = CFrame.new(0.040, -0.149, -0.286, 0.467, 0.741, 0.482, -0.462, 0.669, -0.582, -0.754, 0.049, 0.655),
        }},
        [82] = { Time = 0.81, Transforms = {
            ["Left Shoulder"] = CFrame.new(-0.442, -0.185, -0.131, 0.428, 0.889, 0.165, 0.354, -0.332, 0.874, 0.832, -0.316, -0.457),
            ["Right Shoulder"] = CFrame.new(0.199, 0.035, -0.136, -0.171, -0.982, -0.080, -0.078, 0.094, -0.993, 0.982, -0.163, -0.092),
            ["Right Hip"] = CFrame.new(0.241, -0.328, -0.374, 0.121, 0.061, 0.991, -0.190, 0.981, -0.037, -0.974, -0.184, 0.130),
            ["Neck"] = CFrame.new(-0.041, -0.027, -0.025, 0.459, -0.847, -0.269, 0.886, 0.460, 0.062, 0.072, -0.267, 0.961),
            ["Left Hip"] = CFrame.new(-0.035, 0.327, 0.134, 0.497, 0.050, 0.867, 0.199, 0.965, -0.170, -0.845, 0.257, 0.469),
            ["Motor6D"] = CFrame.new(0.000, -0.945, 0.000, 1.000, 0.000, 0.000, 0.000, 1.000, 0.000, 0.000, 0.000, 1.000),
            ["RootJoint"] = CFrame.new(0.026, -0.183, -0.266, 0.612, 0.578, 0.539, -0.321, 0.805, -0.499, -0.723, 0.132, 0.678),
        }},
        [83] = { Time = 0.82, Transforms = {
            ["Left Shoulder"] = CFrame.new(-0.423, -0.167, -0.188, 0.535, 0.830, 0.160, 0.271, -0.348, 0.898, 0.800, -0.437, -0.411),
            ["Right Shoulder"] = CFrame.new(0.223, 0.028, -0.225, 0.086, -0.996, 0.009, -0.091, -0.017, -0.996, 0.992, 0.085, -0.092),
            ["Right Hip"] = CFrame.new(0.273, -0.300, -0.286, 0.382, 0.080, 0.921, -0.196, 0.981, -0.004, -0.903, -0.179, 0.390),
            ["Neck"] = CFrame.new(-0.043, -0.029, -0.027, 0.564, -0.799, -0.208, 0.824, 0.563, 0.072, 0.060, -0.212, 0.975),
            ["Left Hip"] = CFrame.new(-0.036, 0.287, 0.135, 0.587, 0.075, 0.806, 0.122, 0.976, -0.179, -0.800, 0.203, 0.564),
            ["Motor6D"] = CFrame.new(0.000, -0.945, 0.000, 1.000, 0.000, 0.000, 0.000, 1.000, 0.000, 0.000, 0.000, 1.000),
            ["RootJoint"] = CFrame.new(0.012, -0.218, -0.247, 0.719, 0.384, 0.580, -0.151, 0.900, -0.409, -0.679, 0.206, 0.705),
        }},
        [84] = { Time = 0.83, Transforms = {
            ["Left Shoulder"] = CFrame.new(-0.403, -0.150, -0.246, 0.635, 0.755, 0.165, 0.188, -0.358, 0.915, 0.750, -0.550, -0.369),
            ["Right Shoulder"] = CFrame.new(0.248, 0.021, -0.314, 0.328, -0.938, 0.113, -0.090, -0.150, -0.984, 0.940, 0.313, -0.134),
            ["Right Hip"] = CFrame.new(0.304, -0.271, -0.199, 0.614, 0.099, 0.783, -0.196, 0.980, 0.030, -0.765, -0.172, 0.621),
            ["Neck"] = CFrame.new(-0.046, -0.031, -0.028, 0.660, -0.737, -0.145, 0.750, 0.657, 0.075, 0.040, -0.158, 0.987),
            ["Left Hip"] = CFrame.new(-0.038, 0.248, 0.137, 0.669, 0.106, 0.736, 0.042, 0.983, -0.180, -0.742, 0.151, 0.653),
            ["Motor6D"] = CFrame.new(0.000, -0.945, 0.000, 1.000, 0.000, 0.000, 0.000, 1.000, 0.000, 0.000, 0.000, 1.000),
            ["RootJoint"] = CFrame.new(-0.002, -0.252, -0.227, 0.780, 0.169, 0.602, 0.038, 0.948, -0.315, -0.624, 0.269, 0.733),
        }},
        [85] = { Time = 0.84, Transforms = {
            ["Left Shoulder"] = CFrame.new(-0.354, -0.139, -0.275, 0.785, 0.598, 0.163, 0.059, -0.334, 0.941, 0.617, -0.729, -0.297),
            ["Right Shoulder"] = CFrame.new(0.277, 0.015, -0.401, 0.547, -0.814, 0.194, -0.026, -0.248, -0.968, 0.837, 0.525, -0.157),
            ["Right Hip"] = CFrame.new(0.313, -0.252, -0.125, 0.773, 0.110, 0.625, -0.171, 0.984, 0.038, -0.611, -0.137, 0.780),
            ["Neck"] = CFrame.new(-0.045, -0.030, -0.028, 0.743, -0.659, -0.115, 0.668, 0.741, 0.069, 0.040, -0.128, 0.991),
            ["Left Hip"] = CFrame.new(-0.036, 0.212, 0.120, 0.745, 0.158, 0.648, -0.059, 0.983, -0.172, -0.664, 0.090, 0.742),
            ["Motor6D"] = CFrame.new(0.000, -0.945, 0.000, 1.000, 0.000, 0.000, 0.000, 1.000, 0.000, 0.000, 0.000, 1.000),
            ["RootJoint"] = CFrame.new(-0.013, -0.265, -0.211, 0.786, -0.077, 0.613, 0.264, 0.939, -0.220, -0.559, 0.335, 0.759),
        }},
        [86] = { Time = 0.85, Transforms = {
            ["Left Shoulder"] = CFrame.new(-0.291, -0.132, -0.290, 0.915, 0.360, 0.183, -0.081, -0.280, 0.957, 0.395, -0.890, -0.227),
            ["Right Shoulder"] = CFrame.new(0.310, 0.008, -0.486, 0.725, -0.634, 0.269, 0.070, -0.321, -0.944, 0.685, 0.704, -0.189),
            ["Right Hip"] = CFrame.new(0.312, -0.236, -0.059, 0.883, 0.111, 0.455, -0.138, 0.990, 0.027, -0.448, -0.087, 0.890),
            ["Neck"] = CFrame.new(-0.042, -0.029, -0.026, 0.814, -0.571, -0.104, 0.578, 0.814, 0.059, 0.051, -0.109, 0.993),
            ["Left Hip"] = CFrame.new(-0.033, 0.179, 0.095, 0.806, 0.226, 0.547, -0.170, 0.974, -0.151, -0.567, 0.028, 0.823),
            ["Motor6D"] = CFrame.new(0.000, -0.945, 0.000, 1.000, 0.000, 0.000, 0.000, 1.000, 0.000, 0.000, 0.000, 1.000),
            ["RootJoint"] = CFrame.new(-0.023, -0.267, -0.197, 0.723, -0.327, 0.609, 0.495, 0.860, -0.126, -0.482, 0.392, 0.783),
        }},
        [87] = { Time = 0.86, Transforms = {
            ["Left Shoulder"] = CFrame.new(-0.178, -0.142, -0.237, 0.978, 0.005, 0.206, -0.205, -0.085, 0.975, 0.022, -0.996, -0.083),
            ["Right Shoulder"] = CFrame.new(0.347, 0.004, -0.545, 0.816, -0.487, 0.312, 0.182, -0.296, -0.938, 0.549, 0.822, -0.153),
            ["Right Hip"] = CFrame.new(0.262, -0.245, -0.041, 0.908, 0.106, 0.406, -0.098, 0.994, -0.042, -0.408, -0.001, 0.913),
            ["Neck"] = CFrame.new(-0.033, -0.022, -0.020, 0.836, -0.522, -0.168, 0.535, 0.843, 0.047, 0.118, -0.129, 0.985),
            ["Left Hip"] = CFrame.new(-0.031, 0.171, 0.037, 0.839, 0.318, 0.442, -0.295, 0.948, -0.122, -0.458, -0.028, 0.889),
            ["Motor6D"] = CFrame.new(0.000, -0.945, 0.000, 1.000, 0.000, 0.000, 0.000, 1.000, 0.000, 0.000, 0.000, 1.000),
            ["RootJoint"] = CFrame.new(-0.023, -0.218, -0.202, 0.537, -0.594, 0.599, 0.747, 0.665, -0.011, -0.392, 0.453, 0.801),
        }},
        [88] = { Time = 0.87, Transforms = {
            ["Left Shoulder"] = CFrame.new(-0.066, -0.152, -0.184, 0.889, -0.362, 0.279, -0.260, 0.101, 0.960, -0.376, -0.927, -0.005),
            ["Right Shoulder"] = CFrame.new(0.384, -0.001, -0.603, 0.874, -0.322, 0.364, 0.288, -0.262, -0.921, 0.392, 0.910, -0.136),
            ["Right Hip"] = CFrame.new(0.211, -0.253, -0.023, 0.929, 0.097, 0.357, -0.060, 0.992, -0.114, -0.365, 0.085, 0.927),
            ["Neck"] = CFrame.new(-0.023, -0.016, -0.014, 0.851, -0.470, -0.233, 0.491, 0.871, 0.038, 0.185, -0.146, 0.972),
            ["Left Hip"] = CFrame.new(-0.030, 0.162, -0.020, 0.846, 0.414, 0.335, -0.412, 0.908, -0.080, -0.337, -0.071, 0.939),
            ["Motor6D"] = CFrame.new(0.000, -0.945, 0.000, 1.000, 0.000, 0.000, 0.000, 1.000, 0.000, 0.000, 0.000, 1.000),
            ["RootJoint"] = CFrame.new(-0.023, -0.170, -0.208, 0.273, -0.780, 0.563, 0.916, 0.390, 0.095, -0.294, 0.490, 0.821),
        }},
        [89] = { Time = 0.88, Transforms = {
            ["Left Shoulder"] = CFrame.new(0.046, -0.162, -0.131, 0.647, -0.672, 0.361, -0.260, 0.251, 0.933, -0.717, -0.697, -0.013),
            ["Right Shoulder"] = CFrame.new(0.421, -0.005, -0.662, 0.896, -0.145, 0.420, 0.385, -0.221, -0.896, 0.222, 0.965, -0.142),
            ["Right Hip"] = CFrame.new(0.161, -0.261, -0.004, 0.948, 0.084, 0.308, -0.026, 0.982, -0.187, -0.318, 0.170, 0.933),
            ["Neck"] = CFrame.new(-0.014, -0.009, -0.009, 0.859, -0.416, -0.297, 0.445, 0.895, 0.032, 0.253, -0.160, 0.954),
            ["Left Hip"] = CFrame.new(-0.028, 0.154, -0.078, 0.828, 0.511, 0.230, -0.520, 0.854, -0.023, -0.209, -0.100, 0.973),
            ["Motor6D"] = CFrame.new(0.000, -0.945, 0.000, 1.000, 0.000, 0.000, 0.000, 1.000, 0.000, 0.000, 0.000, 1.000),
            ["RootJoint"] = CFrame.new(-0.023, -0.122, -0.213, -0.036, -0.862, 0.506, 0.980, 0.068, 0.186, -0.194, 0.503, 0.842),
        }},
        [90] = { Time = 0.89, Transforms = {
            ["Left Shoulder"] = CFrame.new(0.109, -0.167, -0.102, 0.516, -0.769, 0.378, -0.245, 0.291, 0.925, -0.821, -0.569, -0.038),
            ["Right Shoulder"] = CFrame.new(0.441, -0.008, -0.695, 0.903, -0.050, 0.426, 0.410, -0.189, -0.892, 0.126, 0.981, -0.150),
            ["Right Hip"] = CFrame.new(0.133, -0.265, 0.006, 0.960, 0.093, 0.264, -0.030, 0.972, -0.234, -0.279, 0.217, 0.936),
            ["Neck"] = CFrame.new(-0.008, -0.006, -0.005, 0.838, -0.435, -0.329, 0.463, 0.886, 0.008, 0.288, -0.159, 0.944),
            ["Left Hip"] = CFrame.new(-0.040, 0.162, -0.106, 0.810, 0.562, 0.170, -0.571, 0.821, 0.003, -0.138, -0.099, 0.985),
            ["Motor6D"] = CFrame.new(0.000, -0.945, 0.000, 1.000, 0.000, 0.000, 0.000, 1.000, 0.000, 0.000, 0.000, 1.000),
            ["RootJoint"] = CFrame.new(-0.023, -0.095, -0.228, -0.327, -0.857, 0.399, 0.936, -0.234, 0.265, -0.134, 0.460, 0.878),
        }},
        [91] = { Time = 0.90, Transforms = {
            ["Left Shoulder"] = CFrame.new(0.146, -0.171, -0.084, 0.483, -0.793, 0.372, -0.235, 0.291, 0.927, -0.843, -0.535, -0.045),
            ["Right Shoulder"] = CFrame.new(0.453, -0.009, -0.714, 0.913, 0.001, 0.407, 0.402, -0.165, -0.901, 0.066, 0.986, -0.151),
            ["Right Hip"] = CFrame.new(0.117, -0.268, 0.012, 0.968, 0.114, 0.223, -0.052, 0.962, -0.267, -0.245, 0.247, 0.938),
            ["Neck"] = CFrame.new(-0.005, -0.004, -0.003, 0.803, -0.489, -0.342, 0.512, 0.859, -0.026, 0.306, -0.154, 0.939),
            ["Left Hip"] = CFrame.new(-0.060, 0.177, -0.120, 0.797, 0.589, 0.131, -0.596, 0.803, 0.011, -0.099, -0.087, 0.991),
            ["Motor6D"] = CFrame.new(0.000, -0.945, 0.000, 1.000, 0.000, 0.000, 0.000, 1.000, 0.000, 0.000, 0.000, 1.000),
            ["RootJoint"] = CFrame.new(-0.023, -0.079, -0.248, -0.584, -0.767, 0.265, 0.805, -0.504, 0.314, -0.107, 0.397, 0.912),
        }},
        [92] = { Time = 0.91, Transforms = {
            ["Left Shoulder"] = CFrame.new(0.184, -0.174, -0.066, 0.450, -0.815, 0.365, -0.225, 0.291, 0.930, -0.864, -0.501, -0.053),
            ["Right Shoulder"] = CFrame.new(0.466, -0.011, -0.734, 0.920, 0.054, 0.388, 0.392, -0.142, -0.909, 0.007, 0.988, -0.152),
            ["Right Hip"] = CFrame.new(0.100, -0.270, 0.018, 0.975, 0.133, 0.180, -0.075, 0.952, -0.298, -0.211, 0.277, 0.937),
            ["Neck"] = CFrame.new(-0.002, -0.001, -0.001, 0.764, -0.541, -0.353, 0.558, 0.828, -0.061, 0.325, -0.151, 0.934),
            ["Left Hip"] = CFrame.new(-0.079, 0.193, -0.134, 0.782, 0.616, 0.092, -0.620, 0.784, 0.020, -0.059, -0.073, 0.996),
            ["Motor6D"] = CFrame.new(0.000, -0.945, 0.000, 1.000, 0.000, 0.000, 0.000, 1.000, 0.000, 0.000, 0.000, 1.000),
            ["RootJoint"] = CFrame.new(-0.023, -0.062, -0.268, -0.795, -0.591, 0.133, 0.599, -0.732, 0.325, -0.095, 0.338, 0.936),
        }},
        [93] = { Time = 0.92, Transforms = {
            ["Left Shoulder"] = CFrame.new(0.209, -0.176, -0.054, 0.470, -0.813, 0.344, -0.227, 0.265, 0.937, -0.853, -0.518, -0.061),
            ["Right Shoulder"] = CFrame.new(0.474, -0.011, -0.747, 0.930, 0.086, 0.358, 0.366, -0.129, -0.922, -0.033, 0.988, -0.151),
            ["Right Hip"] = CFrame.new(0.089, -0.272, 0.022, 0.978, 0.158, 0.138, -0.107, 0.941, -0.321, -0.180, 0.299, 0.937),
            ["Neck"] = CFrame.new(-0.000, -0.000, 0.000, 0.713, -0.607, -0.352, 0.616, 0.781, -0.100, 0.336, -0.145, 0.931),
            ["Left Hip"] = CFrame.new(-0.101, 0.213, -0.141, 0.773, 0.632, 0.063, -0.634, 0.773, 0.019, -0.037, -0.055, 0.998),
            ["Motor6D"] = CFrame.new(0.000, -0.945, 0.000, 1.000, 0.000, 0.000, 0.000, 1.000, 0.000, 0.000, 0.000, 1.000),
            ["RootJoint"] = CFrame.new(-0.023, -0.052, -0.291, -0.933, -0.360, -0.001, 0.343, -0.890, 0.301, -0.110, 0.281, 0.954),
        }},
        [94] = { Time = 0.93, Transforms = {
            ["Left Shoulder"] = CFrame.new(0.209, -0.176, -0.054, 0.589, -0.753, 0.294, -0.246, 0.179, 0.952, -0.770, -0.633, -0.080),
            ["Right Shoulder"] = CFrame.new(0.474, -0.011, -0.747, 0.950, 0.076, 0.303, 0.311, -0.131, -0.941, -0.032, 0.989, -0.148),
            ["Right Hip"] = CFrame.new(0.089, -0.272, 0.022, 0.976, 0.197, 0.098, -0.155, 0.932, -0.328, -0.155, 0.305, 0.939),
            ["Neck"] = CFrame.new(-0.000, -0.000, 0.000, 0.636, -0.699, -0.327, 0.696, 0.703, -0.147, 0.333, -0.134, 0.933),
            ["Left Hip"] = CFrame.new(-0.131, 0.241, -0.133, 0.777, 0.627, 0.055, -0.628, 0.778, -0.005, -0.046, -0.031, 0.998),
            ["Motor6D"] = CFrame.new(0.000, -0.945, 0.000, 1.000, 0.000, 0.000, 0.000, 1.000, 0.000, 0.000, 0.000, 1.000),
            ["RootJoint"] = CFrame.new(-0.023, -0.052, -0.319, -0.984, -0.108, -0.139, 0.072, -0.968, 0.241, -0.161, 0.227, 0.961),
        }},
        [95] = { Time = 0.94, Transforms = {
            ["Left Shoulder"] = CFrame.new(0.209, -0.176, -0.054, 0.678, -0.685, 0.265, -0.257, 0.117, 0.959, -0.689, -0.719, -0.097),
            ["Right Shoulder"] = CFrame.new(0.474, -0.011, -0.753, 0.960, 0.065, 0.273, 0.279, -0.127, -0.952, -0.028, 0.990, -0.140),
            ["Right Hip"] = CFrame.new(0.089, -0.272, 0.022, 0.973, 0.224, 0.057, -0.193, 0.923, -0.331, -0.127, 0.311, 0.942),
            ["Neck"] = CFrame.new(-0.000, -0.000, 0.000, 0.598, -0.741, -0.307, 0.734, 0.659, -0.161, 0.322, -0.129, 0.938),
            ["Left Hip"] = CFrame.new(-0.161, 0.268, -0.126, 0.781, 0.622, 0.047, -0.622, 0.783, -0.029, -0.055, -0.006, 0.998),
            ["Motor6D"] = CFrame.new(0.000, -0.945, 0.000, 1.000, 0.000, 0.000, 0.000, 1.000, 0.000, 0.000, 0.000, 1.000),
            ["RootJoint"] = CFrame.new(-0.023, -0.052, -0.347, -0.953, 0.171, -0.250, -0.216, -0.962, 0.167, -0.212, 0.213, 0.954),
        }},
        [96] = { Time = 0.95, Transforms = {
            ["Left Shoulder"] = CFrame.new(0.209, -0.176, -0.054, 0.750, -0.614, 0.247, -0.263, 0.066, 0.962, -0.607, -0.786, -0.112),
            ["Right Shoulder"] = CFrame.new(0.475, -0.010, -0.763, 0.965, 0.054, 0.256, 0.260, -0.121, -0.958, -0.021, 0.991, -0.130),
            ["Right Hip"] = CFrame.new(0.089, -0.272, 0.022, 0.969, 0.246, 0.017, -0.226, 0.916, -0.332, -0.097, 0.318, 0.943),
            ["Neck"] = CFrame.new(-0.000, -0.000, 0.000, 0.580, -0.761, -0.290, 0.755, 0.636, -0.159, 0.306, -0.127, 0.944),
            ["Left Hip"] = CFrame.new(-0.190, 0.296, -0.118, 0.786, 0.617, 0.039, -0.615, 0.787, -0.053, -0.063, 0.018, 0.998),
            ["Motor6D"] = CFrame.new(0.000, -0.945, 0.000, 1.000, 0.000, 0.000, 0.000, 1.000, 0.000, 0.000, 0.000, 1.000),
            ["RootJoint"] = CFrame.new(-0.023, -0.052, -0.374, -0.832, 0.432, -0.348, -0.481, -0.874, 0.064, -0.277, 0.220, 0.935),
        }},
        [97] = { Time = 0.96, Transforms = {
            ["Left Shoulder"] = CFrame.new(0.209, -0.176, -0.054, 0.812, -0.537, 0.230, -0.265, 0.011, 0.964, -0.520, -0.844, -0.133),
            ["Right Shoulder"] = CFrame.new(0.476, -0.009, -0.773, 0.970, 0.043, 0.238, 0.241, -0.114, -0.964, -0.014, 0.993, -0.121),
            ["Right Hip"] = CFrame.new(0.089, -0.272, 0.022, 0.963, 0.267, -0.024, -0.259, 0.907, -0.331, -0.067, 0.325, 0.943),
            ["Neck"] = CFrame.new(-0.000, -0.000, 0.000, 0.562, -0.781, -0.274, 0.775, 0.613, -0.157, 0.291, -0.124, 0.949),
            ["Left Hip"] = CFrame.new(-0.220, 0.324, -0.110, 0.790, 0.612, 0.031, -0.608, 0.790, -0.077, -0.072, 0.042, 0.997),
            ["Motor6D"] = CFrame.new(0.000, -0.945, 0.000, 1.000, 0.000, 0.000, 0.000, 1.000, 0.000, 0.000, 0.000, 1.000),
            ["RootJoint"] = CFrame.new(-0.023, -0.052, -0.402, -0.634, 0.649, -0.421, -0.690, -0.720, -0.073, -0.350, 0.244, 0.904),
        }},
        [98] = { Time = 0.97, Transforms = {
            ["Left Shoulder"] = CFrame.new(0.209, -0.176, -0.054, 0.851, -0.471, 0.231, -0.273, -0.021, 0.962, -0.449, -0.882, -0.146),
            ["Right Shoulder"] = CFrame.new(0.477, -0.008, -0.789, 0.969, 0.031, 0.246, 0.247, -0.102, -0.964, -0.005, 0.994, -0.106),
            ["Right Hip"] = CFrame.new(0.089, -0.272, 0.022, 0.959, 0.277, -0.064, -0.282, 0.902, -0.327, -0.033, 0.331, 0.943),
            ["Neck"] = CFrame.new(-0.000, -0.000, 0.000, 0.591, -0.762, -0.266, 0.762, 0.635, -0.127, 0.266, -0.128, 0.956),
            ["Left Hip"] = CFrame.new(-0.250, 0.352, -0.103, 0.795, 0.606, 0.024, -0.601, 0.793, -0.101, -0.080, 0.066, 0.995),
            ["Motor6D"] = CFrame.new(0.000, -0.945, 0.000, 1.000, 0.000, 0.000, 0.000, 1.000, 0.000, 0.000, 0.000, 1.000),
            ["RootJoint"] = CFrame.new(-0.023, -0.052, -0.430, -0.370, 0.807, -0.460, -0.835, -0.506, -0.216, -0.407, 0.304, 0.861),
        }},
        [99] = { Time = 0.98, Transforms = {
            ["Left Shoulder"] = CFrame.new(0.209, -0.176, -0.054, 0.858, -0.439, 0.266, -0.298, -0.004, 0.955, -0.418, -0.898, -0.134),
            ["Right Shoulder"] = CFrame.new(0.480, -0.006, -0.818, 0.953, 0.015, 0.304, 0.304, -0.081, -0.949, 0.010, 0.997, -0.082),
            ["Right Hip"] = CFrame.new(0.089, -0.272, 0.022, 0.958, 0.266, -0.104, -0.286, 0.904, -0.319, 0.009, 0.335, 0.942),
            ["Neck"] = CFrame.new(-0.000, -0.000, 0.000, 0.706, -0.656, -0.267, 0.673, 0.739, -0.039, 0.223, -0.152, 0.963),
            ["Left Hip"] = CFrame.new(-0.279, 0.380, -0.095, 0.800, 0.600, 0.016, -0.594, 0.795, -0.125, -0.088, 0.091, 0.992),
            ["Motor6D"] = CFrame.new(0.000, -0.945, 0.000, 1.000, 0.000, 0.000, 0.000, 1.000, 0.000, 0.000, 0.000, 1.000),
            ["RootJoint"] = CFrame.new(-0.023, -0.052, -0.457, -0.051, 0.881, -0.470, -0.911, -0.234, -0.339, -0.408, 0.411, 0.815),
        }},
        [100] = { Time = 0.99, Transforms = {
            ["Left Shoulder"] = CFrame.new(0.209, -0.176, -0.054, 0.863, -0.405, 0.300, -0.324, 0.011, 0.946, -0.387, -0.914, -0.122),
            ["Right Shoulder"] = CFrame.new(0.482, -0.003, -0.847, 0.932, -0.002, 0.362, 0.361, -0.062, -0.931, 0.024, 0.998, -0.057),
            ["Right Hip"] = CFrame.new(0.089, -0.272, 0.022, 0.956, 0.256, -0.143, -0.289, 0.906, -0.311, 0.050, 0.338, 0.940),
            ["Neck"] = CFrame.new(-0.000, -0.000, 0.000, 0.804, -0.536, -0.256, 0.565, 0.824, 0.049, 0.184, -0.184, 0.966),
            ["Left Hip"] = CFrame.new(-0.309, 0.407, -0.088, 0.804, 0.594, 0.009, -0.587, 0.796, -0.150, -0.096, 0.115, 0.989),
            ["Motor6D"] = CFrame.new(0.000, -0.945, 0.000, 1.000, 0.000, 0.000, 0.000, 1.000, 0.000, 0.000, 0.000, 1.000),
            ["RootJoint"] = CFrame.new(-0.023, -0.052, -0.485, 0.274, 0.852, -0.446, -0.883, 0.039, -0.468, -0.382, 0.522, 0.763),
        }},
        [101] = { Time = 1.00, Transforms = {
            ["Left Shoulder"] = CFrame.new(0.209, -0.176, -0.054, 0.866, -0.371, 0.334, -0.351, 0.025, 0.936, -0.356, -0.928, -0.109),
            ["Right Shoulder"] = CFrame.new(0.484, -0.001, -0.876, 0.908, -0.020, 0.418, 0.416, -0.045, -0.908, 0.037, 0.999, -0.033),
            ["Right Hip"] = CFrame.new(0.089, -0.272, 0.022, 0.952, 0.245, -0.183, -0.291, 0.907, -0.303, 0.092, 0.341, 0.935),
            ["Neck"] = CFrame.new(-0.000, -0.000, 0.000, 0.884, -0.405, -0.231, 0.442, 0.887, 0.136, 0.150, -0.222, 0.963),
            ["Left Hip"] = CFrame.new(-0.339, 0.435, -0.080, 0.809, 0.588, 0.002, -0.579, 0.797, -0.174, -0.104, 0.139, 0.985),
            ["Motor6D"] = CFrame.new(0.000, -0.945, 0.000, 1.000, 0.000, 0.000, 0.000, 1.000, 0.000, 0.000, 0.000, 1.000),
            ["RootJoint"] = CFrame.new(-0.023, -0.052, -0.513, 0.570, 0.726, -0.385, -0.755, 0.278, -0.594, -0.324, 0.629, 0.706),
        }},
        [102] = { Time = 1.01, Transforms = {
            ["Left Shoulder"] = CFrame.new(0.209, -0.176, -0.054, 0.847, -0.361, 0.391, -0.392, 0.074, 0.917, -0.360, -0.930, -0.079),
            ["Right Shoulder"] = CFrame.new(0.487, 0.002, -0.915, 0.862, -0.043, 0.505, 0.505, -0.023, -0.863, 0.049, 0.999, 0.002),
            ["Right Hip"] = CFrame.new(0.089, -0.272, 0.022, 0.950, 0.219, -0.222, -0.279, 0.915, -0.293, 0.139, 0.340, 0.930),
            ["Neck"] = CFrame.new(-0.000, -0.000, 0.000, 0.968, -0.180, -0.174, 0.220, 0.942, 0.252, 0.119, -0.283, 0.952),
            ["Left Hip"] = CFrame.new(-0.368, 0.463, -0.072, 0.813, 0.582, -0.005, -0.571, 0.797, -0.198, -0.111, 0.163, 0.980),
            ["Motor6D"] = CFrame.new(0.000, -0.945, 0.000, 1.000, 0.000, 0.000, 0.000, 1.000, 0.000, 0.000, 0.000, 1.000),
            ["RootJoint"] = CFrame.new(-0.023, -0.052, -0.540, 0.813, 0.503, -0.294, -0.548, 0.487, -0.680, -0.198, 0.714, 0.672),
        }},
        [103] = { Time = 1.02, Transforms = {
            ["Left Shoulder"] = CFrame.new(0.208, -0.178, -0.054, 0.826, -0.350, 0.442, -0.429, 0.118, 0.896, -0.366, -0.929, -0.052),
            ["Right Shoulder"] = CFrame.new(0.490, 0.005, -0.952, 0.812, -0.063, 0.580, 0.581, -0.004, -0.814, 0.054, 0.998, 0.033),
            ["Right Hip"] = CFrame.new(0.089, -0.272, 0.022, 0.947, 0.192, -0.259, -0.265, 0.920, -0.289, 0.182, 0.343, 0.922),
            ["Neck"] = CFrame.new(-0.000, -0.000, 0.000, 0.994, 0.035, -0.101, 0.002, 0.939, 0.344, 0.107, -0.342, 0.934),
            ["Left Hip"] = CFrame.new(-0.396, 0.486, -0.064, 0.818, 0.575, -0.011, -0.562, 0.797, -0.222, -0.119, 0.187, 0.975),
            ["Motor6D"] = CFrame.new(0.000, -0.945, 0.000, 1.000, 0.000, 0.000, 0.000, 1.000, 0.000, 0.000, 0.000, 1.000),
            ["RootJoint"] = CFrame.new(-0.023, -0.052, -0.566, 0.953, 0.240, -0.187, -0.298, 0.608, -0.736, -0.063, 0.757, 0.650),
        }},
        [104] = { Time = 1.03, Transforms = {
            ["Left Shoulder"] = CFrame.new(0.204, -0.182, -0.054, 0.806, -0.343, 0.483, -0.458, 0.156, 0.875, -0.375, -0.927, -0.031),
            ["Right Shoulder"] = CFrame.new(0.491, 0.006, -0.985, 0.770, -0.073, 0.634, 0.637, 0.012, -0.771, 0.048, 0.997, 0.056),
            ["Right Hip"] = CFrame.new(0.089, -0.272, 0.022, 0.943, 0.165, -0.290, -0.252, 0.921, -0.297, 0.218, 0.353, 0.910),
            ["Neck"] = CFrame.new(-0.000, -0.000, 0.000, 0.977, 0.211, -0.029, -0.182, 0.898, 0.401, 0.111, -0.387, 0.915),
            ["Left Hip"] = CFrame.new(-0.421, 0.500, -0.055, 0.824, 0.567, -0.016, -0.553, 0.796, -0.245, -0.126, 0.211, 0.969),
            ["Motor6D"] = CFrame.new(0.000, -0.945, 0.000, 1.000, 0.000, 0.000, 0.000, 1.000, 0.000, 0.000, 0.000, 1.000),
            ["RootJoint"] = CFrame.new(-0.022, -0.051, -0.587, 0.996, 0.002, -0.084, -0.065, 0.654, -0.753, 0.053, 0.756, 0.652),
        }},
        [105] = { Time = 1.04, Transforms = {
            ["Left Shoulder"] = CFrame.new(0.200, -0.187, -0.054, 0.784, -0.334, 0.523, -0.487, 0.192, 0.852, -0.385, -0.923, -0.012),
            ["Right Shoulder"] = CFrame.new(0.492, 0.008, -1.019, 0.723, -0.083, 0.686, 0.690, 0.027, -0.724, 0.042, 0.996, 0.077),
            ["Right Hip"] = CFrame.new(0.089, -0.272, 0.022, 0.937, 0.137, -0.320, -0.239, 0.922, -0.305, 0.253, 0.363, 0.897),
            ["Neck"] = CFrame.new(-0.000, -0.000, 0.000, 0.925, 0.376, 0.052, -0.358, 0.821, 0.445, 0.124, -0.431, 0.894),
            ["Left Hip"] = CFrame.new(-0.446, 0.513, -0.046, 0.829, 0.559, -0.022, -0.543, 0.795, -0.269, -0.133, 0.235, 0.963),
            ["Motor6D"] = CFrame.new(0.000, -0.945, 0.000, 1.000, 0.000, 0.000, 0.000, 1.000, 0.000, 0.000, 0.000, 1.000),
            ["RootJoint"] = CFrame.new(-0.022, -0.051, -0.608, 0.971, -0.239, 0.020, 0.172, 0.636, -0.752, 0.167, 0.734, 0.659),
        }},
        [106] = { Time = 1.05, Transforms = {
            ["Left Shoulder"] = CFrame.new(0.196, -0.191, -0.054, 0.761, -0.323, 0.563, -0.515, 0.227, 0.827, -0.395, -0.919, 0.007),
            ["Right Shoulder"] = CFrame.new(0.494, 0.010, -1.053, 0.672, -0.094, 0.734, 0.739, 0.039, -0.672, 0.035, 0.995, 0.095),
            ["Right Hip"] = CFrame.new(0.089, -0.272, 0.022, 0.930, 0.109, -0.350, -0.226, 0.922, -0.314, 0.289, 0.371, 0.882),
            ["Neck"] = CFrame.new(-0.000, 0.000, 0.000, 0.841, 0.522, 0.140, -0.520, 0.711, 0.474, 0.148, -0.472, 0.869),
            ["Left Hip"] = CFrame.new(-0.471, 0.527, -0.037, 0.834, 0.551, -0.027, -0.534, 0.794, -0.292, -0.140, 0.258, 0.956),
            ["Motor6D"] = CFrame.new(0.000, -0.945, 0.000, 1.000, 0.000, 0.000, 0.000, 1.000, 0.000, 0.000, 0.000, 1.000),
            ["RootJoint"] = CFrame.new(-0.021, -0.050, -0.628, 0.877, -0.465, 0.120, 0.394, 0.554, -0.734, 0.274, 0.691, 0.669),
        }},
        [107] = { Time = 1.06, Transforms = {
            ["Left Shoulder"] = CFrame.new(0.185, -0.205, -0.053, 0.746, -0.330, 0.578, -0.525, 0.243, 0.816, -0.410, -0.912, 0.008),
            ["Right Shoulder"] = CFrame.new(0.492, 0.009, -1.077, 0.666, -0.070, 0.743, 0.746, 0.052, -0.664, 0.008, 0.996, 0.086),
            ["Right Hip"] = CFrame.new(0.089, -0.272, 0.022, 0.929, 0.078, -0.363, -0.215, 0.910, -0.355, 0.302, 0.408, 0.862),
            ["Neck"] = CFrame.new(-0.000, 0.000, 0.000, 0.796, 0.584, 0.160, -0.580, 0.660, 0.478, 0.173, -0.473, 0.864),
            ["Left Hip"] = CFrame.new(-0.487, 0.512, -0.025, 0.841, 0.541, -0.029, -0.521, 0.793, -0.315, -0.147, 0.281, 0.948),
            ["Motor6D"] = CFrame.new(0.000, -0.945, 0.000, 1.000, 0.000, 0.000, 0.000, 1.000, 0.000, 0.000, 0.000, 1.000),
            ["RootJoint"] = CFrame.new(-0.019, -0.049, -0.636, 0.823, -0.543, 0.166, 0.479, 0.509, -0.715, 0.303, 0.669, 0.679),
        }},
        [108] = { Time = 1.07, Transforms = {
            ["Left Shoulder"] = CFrame.new(0.174, -0.219, -0.052, 0.730, -0.337, 0.594, -0.535, 0.259, 0.804, -0.424, -0.905, 0.009),
            ["Right Shoulder"] = CFrame.new(0.489, 0.007, -1.101, 0.658, -0.046, 0.752, 0.753, 0.064, -0.655, -0.019, 0.997, 0.077),
            ["Right Hip"] = CFrame.new(0.089, -0.272, 0.022, 0.926, 0.046, -0.374, -0.204, 0.896, -0.395, 0.317, 0.442, 0.839),
            ["Neck"] = CFrame.new(-0.000, 0.000, 0.000, 0.746, 0.641, 0.181, -0.636, 0.604, 0.481, 0.199, -0.474, 0.858),
            ["Left Hip"] = CFrame.new(-0.502, 0.497, -0.013, 0.847, 0.530, -0.032, -0.509, 0.792, -0.338, -0.154, 0.303, 0.940),
            ["Motor6D"] = CFrame.new(0.000, -0.945, 0.000, 1.000, 0.000, 0.000, 0.000, 1.000, 0.000, 0.000, 0.000, 1.000),
            ["RootJoint"] = CFrame.new(-0.017, -0.047, -0.643, 0.760, -0.615, 0.210, 0.559, 0.455, -0.693, 0.331, 0.644, 0.689),
        }},
        [109] = { Time = 1.08, Transforms = {
            ["Left Shoulder"] = CFrame.new(0.163, -0.232, -0.052, 0.715, -0.343, 0.610, -0.545, 0.274, 0.793, -0.439, -0.898, 0.009),
            ["Right Shoulder"] = CFrame.new(0.487, 0.006, -1.125, 0.650, -0.021, 0.760, 0.759, 0.077, -0.646, -0.045, 0.997, 0.066),
            ["Right Hip"] = CFrame.new(0.089, -0.272, 0.022, 0.923, 0.014, -0.384, -0.194, 0.879, -0.435, 0.331, 0.476, 0.815),
            ["Neck"] = CFrame.new(-0.000, 0.000, 0.000, 0.691, 0.694, 0.203, -0.687, 0.543, 0.482, 0.224, -0.472, 0.853),
            ["Left Hip"] = CFrame.new(-0.518, 0.482, -0.001, 0.853, 0.520, -0.034, -0.496, 0.790, -0.361, -0.161, 0.325, 0.932),
            ["Motor6D"] = CFrame.new(0.000, -0.945, 0.000, 1.000, 0.000, 0.000, 0.000, 1.000, 0.000, 0.000, 0.000, 1.000),
            ["RootJoint"] = CFrame.new(-0.015, -0.046, -0.650, 0.689, -0.680, 0.251, 0.632, 0.393, -0.668, 0.356, 0.619, 0.700),
        }},
        [110] = { Time = 1.09, Transforms = {
            ["Left Shoulder"] = CFrame.new(0.149, -0.249, -0.051, 0.701, -0.356, 0.618, -0.549, 0.283, 0.786, -0.454, -0.891, 0.003),
            ["Right Shoulder"] = CFrame.new(0.484, 0.004, -1.146, 0.655, 0.015, 0.755, 0.752, 0.089, -0.654, -0.077, 0.996, 0.047),
            ["Right Hip"] = CFrame.new(0.089, -0.272, 0.022, 0.922, -0.019, -0.386, -0.185, 0.856, -0.484, 0.339, 0.517, 0.786),
            ["Neck"] = CFrame.new(-0.000, 0.000, -0.000, 0.658, 0.726, 0.200, -0.711, 0.512, 0.482, 0.248, -0.460, 0.853),
            ["Left Hip"] = CFrame.new(-0.530, 0.457, 0.012, 0.860, 0.509, -0.035, -0.482, 0.788, -0.384, -0.167, 0.347, 0.923),
            ["Motor6D"] = CFrame.new(0.000, -0.945, 0.000, 1.000, 0.000, 0.000, 0.000, 1.000, 0.000, 0.000, 0.000, 1.000),
            ["RootJoint"] = CFrame.new(-0.013, -0.044, -0.653, 0.651, -0.706, 0.278, 0.667, 0.358, -0.653, 0.362, 0.611, 0.704),
        }},
        [111] = { Time = 1.10, Transforms = {
            ["Left Shoulder"] = CFrame.new(0.134, -0.267, -0.050, 0.690, -0.371, 0.622, -0.551, 0.289, 0.783, -0.470, -0.882, -0.005),
            ["Right Shoulder"] = CFrame.new(0.480, 0.002, -1.165, 0.666, 0.058, 0.744, 0.737, 0.100, -0.668, -0.113, 0.993, 0.024),
            ["Right Hip"] = CFrame.new(0.089, -0.272, 0.022, 0.922, -0.052, -0.383, -0.176, 0.826, -0.536, 0.345, 0.561, 0.752),
            ["Neck"] = CFrame.new(-0.000, 0.000, -0.000, 0.637, 0.748, 0.186, -0.722, 0.495, 0.483, 0.269, -0.442, 0.856),
            ["Left Hip"] = CFrame.new(-0.541, 0.428, 0.026, 0.867, 0.497, -0.036, -0.468, 0.785, -0.406, -0.174, 0.369, 0.913),
            ["Motor6D"] = CFrame.new(0.000, -0.945, 0.000, 1.000, 0.000, 0.000, 0.000, 1.000, 0.000, 0.000, 0.000, 1.000),
            ["RootJoint"] = CFrame.new(-0.010, -0.042, -0.653, 0.632, -0.715, 0.299, 0.687, 0.338, -0.644, 0.359, 0.612, 0.705),
        }},
        [112] = { Time = 1.11, Transforms = {
            ["Left Shoulder"] = CFrame.new(0.123, -0.281, -0.050, 0.679, -0.385, 0.625, -0.552, 0.293, 0.780, -0.484, -0.875, -0.013),
            ["Right Shoulder"] = CFrame.new(0.477, -0.000, -1.179, 0.673, 0.092, 0.734, 0.726, 0.108, -0.679, -0.142, 0.990, 0.006),
            ["Right Hip"] = CFrame.new(0.090, -0.272, 0.022, 0.923, -0.075, -0.377, -0.168, 0.804, -0.571, 0.345, 0.590, 0.730),
            ["Neck"] = CFrame.new(-0.000, 0.000, -0.000, 0.618, 0.766, 0.174, -0.731, 0.480, 0.484, 0.288, -0.427, 0.857),
            ["Left Hip"] = CFrame.new(-0.550, 0.400, 0.038, 0.871, 0.489, -0.033, -0.455, 0.782, -0.426, -0.182, 0.386, 0.904),
            ["Motor6D"] = CFrame.new(0.000, -0.945, 0.000, 1.000, 0.000, 0.000, 0.000, 1.000, 0.000, 0.000, 0.000, 1.000),
            ["RootJoint"] = CFrame.new(-0.008, -0.041, -0.653, 0.614, -0.722, 0.317, 0.704, 0.320, -0.634, 0.357, 0.613, 0.705),
        }},
        [113] = { Time = 1.12, Transforms = {
            ["Left Shoulder"] = CFrame.new(0.112, -0.294, -0.049, 0.668, -0.398, 0.629, -0.554, 0.298, 0.777, -0.496, -0.868, -0.021),
            ["Right Shoulder"] = CFrame.new(0.474, -0.002, -1.194, 0.678, 0.126, 0.724, 0.715, 0.115, -0.689, -0.171, 0.985, -0.012),
            ["Right Hip"] = CFrame.new(0.091, -0.273, 0.022, 0.924, -0.097, -0.369, -0.159, 0.780, -0.605, 0.347, 0.618, 0.706),
            ["Neck"] = CFrame.new(-0.000, 0.000, -0.000, 0.599, 0.784, 0.163, -0.740, 0.465, 0.486, 0.306, -0.412, 0.859),
            ["Left Hip"] = CFrame.new(-0.559, 0.371, 0.050, 0.876, 0.481, -0.030, -0.443, 0.778, -0.445, -0.191, 0.403, 0.895),
            ["Motor6D"] = CFrame.new(0.000, -0.945, 0.000, 1.000, 0.000, 0.000, 0.000, 1.000, 0.000, 0.000, 0.000, 1.000),
            ["RootJoint"] = CFrame.new(-0.006, -0.039, -0.654, 0.596, -0.729, 0.335, 0.720, 0.302, -0.625, 0.355, 0.614, 0.705),
        }},
        [114] = { Time = 1.13, Transforms = {
            ["Left Shoulder"] = CFrame.new(0.101, -0.308, -0.048, 0.657, -0.411, 0.632, -0.556, 0.303, 0.774, -0.509, -0.860, -0.029),
            ["Right Shoulder"] = CFrame.new(0.471, -0.004, -1.208, 0.682, 0.161, 0.714, 0.704, 0.122, -0.700, -0.199, 0.979, -0.030),
            ["Right Hip"] = CFrame.new(0.092, -0.273, 0.023, 0.925, -0.119, -0.361, -0.151, 0.755, -0.638, 0.348, 0.644, 0.681),
            ["Neck"] = CFrame.new(-0.000, 0.000, -0.000, 0.579, 0.801, 0.151, -0.748, 0.449, 0.488, 0.323, -0.396, 0.859),
            ["Left Hip"] = CFrame.new(-0.569, 0.342, 0.062, 0.880, 0.473, -0.027, -0.431, 0.774, -0.464, -0.199, 0.421, 0.885),
            ["Motor6D"] = CFrame.new(0.000, -0.945, 0.000, 1.000, 0.000, 0.000, 0.000, 1.000, 0.000, 0.000, 0.000, 1.000),
            ["RootJoint"] = CFrame.new(-0.003, -0.037, -0.654, 0.578, -0.736, 0.353, 0.736, 0.283, -0.615, 0.352, 0.615, 0.705),
        }},
        [115] = { Time = 1.14, Transforms = {
            ["Left Shoulder"] = CFrame.new(0.095, -0.315, -0.048, 0.648, -0.421, 0.635, -0.558, 0.305, 0.772, -0.519, -0.854, -0.037),
            ["Right Shoulder"] = CFrame.new(0.469, -0.005, -1.216, 0.681, 0.184, 0.709, 0.699, 0.125, -0.704, -0.218, 0.975, -0.043),
            ["Right Hip"] = CFrame.new(0.094, -0.273, 0.023, 0.928, -0.127, -0.350, -0.144, 0.745, -0.651, 0.344, 0.654, 0.674),
            ["Neck"] = CFrame.new(-0.000, 0.000, -0.000, 0.563, 0.814, 0.144, -0.754, 0.435, 0.491, 0.337, -0.385, 0.859),
            ["Left Hip"] = CFrame.new(-0.576, 0.315, 0.071, 0.882, 0.470, -0.020, -0.421, 0.769, -0.481, -0.211, 0.432, 0.877),
            ["Motor6D"] = CFrame.new(0.000, -0.945, 0.000, 1.000, 0.000, 0.000, 0.000, 1.000, 0.000, 0.000, 0.000, 1.000),
            ["RootJoint"] = CFrame.new(-0.001, -0.036, -0.654, 0.562, -0.741, 0.368, 0.749, 0.267, -0.606, 0.351, 0.616, 0.705),
        }},
        [116] = { Time = 1.15, Transforms = {
            ["Left Shoulder"] = CFrame.new(0.091, -0.320, -0.048, 0.640, -0.429, 0.637, -0.560, 0.307, 0.770, -0.526, -0.849, -0.044),
            ["Right Shoulder"] = CFrame.new(0.468, -0.006, -1.221, 0.679, 0.201, 0.706, 0.696, 0.128, -0.706, -0.233, 0.971, -0.053),
            ["Right Hip"] = CFrame.new(0.097, -0.273, 0.024, 0.932, -0.128, -0.339, -0.136, 0.744, -0.654, 0.336, 0.656, 0.676),
            ["Neck"] = CFrame.new(-0.000, 0.000, -0.000, 0.549, 0.824, 0.138, -0.759, 0.423, 0.495, 0.350, -0.376, 0.858),
            ["Left Hip"] = CFrame.new(-0.583, 0.288, 0.079, 0.883, 0.470, -0.011, -0.413, 0.764, -0.495, -0.224, 0.441, 0.869),
            ["Motor6D"] = CFrame.new(0.000, -0.945, 0.000, 1.000, 0.000, 0.000, 0.000, 1.000, 0.000, 0.000, 0.000, 1.000),
            ["RootJoint"] = CFrame.new(0.000, -0.034, -0.655, 0.547, -0.745, 0.381, 0.761, 0.253, -0.598, 0.349, 0.617, 0.705),
        }},
        [117] = { Time = 1.16, Transforms = {
            ["Left Shoulder"] = CFrame.new(0.087, -0.324, -0.048, 0.632, -0.438, 0.639, -0.561, 0.309, 0.768, -0.534, -0.844, -0.050),
            ["Right Shoulder"] = CFrame.new(0.467, -0.006, -1.225, 0.676, 0.218, 0.703, 0.694, 0.131, -0.708, -0.247, 0.967, -0.062),
            ["Right Hip"] = CFrame.new(0.100, -0.274, 0.025, 0.936, -0.129, -0.328, -0.129, 0.742, -0.658, 0.328, 0.658, 0.678),
            ["Neck"] = CFrame.new(-0.000, 0.000, -0.000, 0.535, 0.835, 0.132, -0.764, 0.410, 0.498, 0.362, -0.368, 0.857),
            ["Left Hip"] = CFrame.new(-0.589, 0.260, 0.088, 0.883, 0.470, -0.002, -0.405, 0.760, -0.509, -0.238, 0.450, 0.861),
            ["Motor6D"] = CFrame.new(0.000, -0.945, 0.000, 1.000, 0.000, 0.000, 0.000, 1.000, 0.000, 0.000, 0.000, 1.000),
            ["RootJoint"] = CFrame.new(0.002, -0.033, -0.655, 0.532, -0.749, 0.395, 0.772, 0.238, -0.589, 0.347, 0.618, 0.705),
        }},
        [118] = { Time = 1.17, Transforms = {
            ["Left Shoulder"] = CFrame.new(0.085, -0.327, -0.048, 0.625, -0.446, 0.641, -0.564, 0.311, 0.765, -0.540, -0.839, -0.057),
            ["Right Shoulder"] = CFrame.new(0.467, -0.007, -1.229, 0.673, 0.232, 0.702, 0.693, 0.134, -0.708, -0.258, 0.963, -0.071),
            ["Right Hip"] = CFrame.new(0.103, -0.274, 0.026, 0.940, -0.126, -0.316, -0.121, 0.744, -0.657, 0.318, 0.656, 0.684),
            ["Neck"] = CFrame.new(-0.000, 0.000, -0.000, 0.521, 0.844, 0.128, -0.768, 0.398, 0.502, 0.373, -0.360, 0.855),
            ["Left Hip"] = CFrame.new(-0.595, 0.233, 0.096, 0.882, 0.470, 0.008, -0.397, 0.754, -0.522, -0.252, 0.458, 0.853),
            ["Motor6D"] = CFrame.new(0.000, -0.945, 0.000, 1.000, 0.000, 0.000, 0.000, 1.000, 0.000, 0.000, 0.000, 1.000),
            ["RootJoint"] = CFrame.new(0.004, -0.032, -0.655, 0.518, -0.753, 0.407, 0.783, 0.224, -0.580, 0.346, 0.619, 0.705),
        }},
        [119] = { Time = 1.18, Transforms = {
            ["Left Shoulder"] = CFrame.new(0.085, -0.327, -0.048, 0.618, -0.452, 0.643, -0.566, 0.311, 0.764, -0.545, -0.836, -0.063),
            ["Right Shoulder"] = CFrame.new(0.467, -0.007, -1.229, 0.668, 0.241, 0.704, 0.695, 0.135, -0.706, -0.265, 0.961, -0.077),
            ["Right Hip"] = CFrame.new(0.107, -0.275, 0.027, 0.945, -0.117, -0.304, -0.114, 0.755, -0.646, 0.305, 0.645, 0.700),
            ["Neck"] = CFrame.new(-0.000, 0.000, -0.000, 0.510, 0.851, 0.126, -0.771, 0.387, 0.506, 0.382, -0.355, 0.853),
            ["Left Hip"] = CFrame.new(-0.600, 0.207, 0.102, 0.880, 0.474, 0.020, -0.391, 0.749, -0.534, -0.268, 0.462, 0.845),
            ["Motor6D"] = CFrame.new(0.000, -0.945, 0.000, 1.000, 0.000, 0.000, 0.000, 1.000, 0.000, 0.000, 0.000, 1.000),
            ["RootJoint"] = CFrame.new(0.005, -0.031, -0.655, 0.504, -0.756, 0.418, 0.792, 0.212, -0.573, 0.344, 0.620, 0.705),
        }},
        [120] = { Time = 1.19, Transforms = {
            ["Left Shoulder"] = CFrame.new(0.085, -0.327, -0.048, 0.613, -0.457, 0.644, -0.568, 0.312, 0.762, -0.549, -0.833, -0.068),
            ["Right Shoulder"] = CFrame.new(0.467, -0.007, -1.229, 0.664, 0.247, 0.705, 0.697, 0.136, -0.704, -0.270, 0.959, -0.082),
            ["Right Hip"] = CFrame.new(0.110, -0.275, 0.029, 0.950, -0.110, -0.294, -0.108, 0.764, -0.637, 0.294, 0.636, 0.713),
            ["Neck"] = CFrame.new(-0.000, 0.000, 0.000, 0.500, 0.857, 0.124, -0.773, 0.378, 0.510, 0.390, -0.351, 0.851),
            ["Left Hip"] = CFrame.new(-0.604, 0.185, 0.108, 0.878, 0.477, 0.030, -0.386, 0.745, -0.543, -0.282, 0.466, 0.839),
            ["Motor6D"] = CFrame.new(0.000, -0.945, 0.000, 1.000, 0.000, 0.000, 0.000, 1.000, 0.000, 0.000, 0.000, 1.000),
            ["RootJoint"] = CFrame.new(0.007, -0.030, -0.655, 0.493, -0.758, 0.427, 0.799, 0.201, -0.566, 0.343, 0.621, 0.705),
        }},
        [121] = { Time = 1.20, Transforms = {
            ["Left Shoulder"] = CFrame.new(0.085, -0.327, -0.048, 0.609, -0.462, 0.645, -0.569, 0.312, 0.761, -0.553, -0.830, -0.073),
            ["Right Shoulder"] = CFrame.new(0.467, -0.007, -1.229, 0.661, 0.252, 0.707, 0.699, 0.137, -0.702, -0.274, 0.958, -0.085),
            ["Right Hip"] = CFrame.new(0.113, -0.276, 0.030, 0.953, -0.104, -0.285, -0.103, 0.771, -0.628, 0.285, 0.628, 0.724),
            ["Neck"] = CFrame.new(-0.000, 0.000, 0.000, 0.492, 0.862, 0.122, -0.775, 0.369, 0.513, 0.397, -0.347, 0.850),
            ["Left Hip"] = CFrame.new(-0.608, 0.165, 0.113, 0.877, 0.480, 0.039, -0.382, 0.742, -0.551, -0.293, 0.469, 0.833),
            ["Motor6D"] = CFrame.new(0.000, -0.945, 0.000, 1.000, 0.000, 0.000, 0.000, 1.000, 0.000, 0.000, 0.000, 1.000),
            ["RootJoint"] = CFrame.new(0.008, -0.029, -0.656, 0.483, -0.760, 0.435, 0.806, 0.192, -0.560, 0.342, 0.621, 0.705),
        }},
        [122] = { Time = 1.21, Transforms = {
            ["Left Shoulder"] = CFrame.new(0.085, -0.327, -0.048, 0.604, -0.466, 0.646, -0.571, 0.313, 0.759, -0.556, -0.827, -0.077),
            ["Right Shoulder"] = CFrame.new(0.467, -0.007, -1.229, 0.658, 0.257, 0.708, 0.700, 0.138, -0.701, -0.278, 0.956, -0.089),
            ["Right Hip"] = CFrame.new(0.115, -0.276, 0.031, 0.956, -0.098, -0.275, -0.098, 0.779, -0.619, 0.275, 0.619, 0.736),
            ["Neck"] = CFrame.new(-0.000, 0.000, 0.000, 0.483, 0.867, 0.121, -0.777, 0.361, 0.516, 0.404, -0.343, 0.848),
            ["Left Hip"] = CFrame.new(-0.611, 0.145, 0.118, 0.875, 0.483, 0.048, -0.377, 0.738, -0.559, -0.305, 0.471, 0.827),
            ["Motor6D"] = CFrame.new(0.000, -0.945, 0.000, 1.000, 0.000, 0.000, 0.000, 1.000, 0.000, 0.000, 0.000, 1.000),
            ["RootJoint"] = CFrame.new(0.009, -0.028, -0.656, 0.473, -0.761, 0.443, 0.812, 0.183, -0.554, 0.341, 0.622, 0.705),
        }},
        [123] = { Time = 1.22, Transforms = {
            ["Left Shoulder"] = CFrame.new(0.085, -0.327, -0.048, 0.601, -0.469, 0.647, -0.572, 0.313, 0.758, -0.559, -0.826, -0.080),
            ["Right Shoulder"] = CFrame.new(0.467, -0.007, -1.229, 0.656, 0.260, 0.709, 0.701, 0.138, -0.700, -0.280, 0.956, -0.092),
            ["Right Hip"] = CFrame.new(0.118, -0.277, 0.032, 0.959, -0.094, -0.269, -0.094, 0.785, -0.612, 0.269, 0.612, 0.744),
            ["Neck"] = CFrame.new(-0.000, 0.000, -0.000, 0.476, 0.871, 0.120, -0.779, 0.354, 0.518, 0.409, -0.340, 0.847),
            ["Left Hip"] = CFrame.new(-0.614, 0.130, 0.122, 0.873, 0.485, 0.054, -0.374, 0.735, -0.565, -0.314, 0.473, 0.823),
            ["Motor6D"] = CFrame.new(0.000, -0.945, 0.000, 1.000, 0.000, 0.000, 0.000, 1.000, 0.000, 0.000, 0.000, 1.000),
            ["RootJoint"] = CFrame.new(0.010, -0.027, -0.656, 0.466, -0.763, 0.449, 0.817, 0.176, -0.549, 0.340, 0.622, 0.705),
        }},
        [124] = { Time = 1.23, Transforms = {
            ["Left Shoulder"] = CFrame.new(0.085, -0.327, -0.048, 0.601, -0.470, 0.647, -0.572, 0.314, 0.758, -0.559, -0.825, -0.080),
            ["Right Shoulder"] = CFrame.new(0.467, -0.007, -1.229, 0.656, 0.259, 0.709, 0.701, 0.138, -0.700, -0.279, 0.956, -0.091),
            ["Right Hip"] = CFrame.new(0.118, -0.278, 0.033, 0.959, -0.093, -0.267, -0.092, 0.789, -0.608, 0.267, 0.608, 0.748),
            ["Neck"] = CFrame.new(-0.000, 0.000, -0.000, 0.473, 0.873, 0.120, -0.780, 0.351, 0.518, 0.410, -0.339, 0.847),
            ["Left Hip"] = CFrame.new(-0.616, 0.123, 0.123, 0.872, 0.486, 0.057, -0.373, 0.735, -0.566, -0.317, 0.473, 0.822),
            ["Motor6D"] = CFrame.new(0.000, -0.945, 0.000, 1.000, 0.000, 0.000, 0.000, 1.000, 0.000, 0.000, 0.000, 1.000),
            ["RootJoint"] = CFrame.new(0.010, -0.027, -0.656, 0.463, -0.763, 0.451, 0.819, 0.173, -0.548, 0.340, 0.623, 0.705),
        }},
        [125] = { Time = 1.24, Transforms = {
            ["Left Shoulder"] = CFrame.new(0.085, -0.327, -0.048, 0.600, -0.470, 0.647, -0.572, 0.314, 0.758, -0.560, -0.825, -0.080),
            ["Right Shoulder"] = CFrame.new(0.467, -0.007, -1.229, 0.657, 0.257, 0.709, 0.701, 0.138, -0.700, -0.278, 0.956, -0.090),
            ["Right Hip"] = CFrame.new(0.119, -0.278, 0.034, 0.960, -0.093, -0.265, -0.090, 0.792, -0.604, 0.266, 0.604, 0.752),
            ["Neck"] = CFrame.new(-0.000, 0.000, -0.000, 0.470, 0.874, 0.120, -0.781, 0.348, 0.519, 0.412, -0.338, 0.846),
            ["Left Hip"] = CFrame.new(-0.617, 0.116, 0.125, 0.871, 0.488, 0.060, -0.372, 0.734, -0.568, -0.321, 0.472, 0.821),
            ["Motor6D"] = CFrame.new(0.000, -0.945, 0.000, 1.000, 0.000, 0.000, 0.000, 1.000, 0.000, 0.000, 0.000, 1.000),
            ["RootJoint"] = CFrame.new(0.010, -0.027, -0.656, 0.460, -0.764, 0.453, 0.820, 0.171, -0.546, 0.340, 0.623, 0.705),
        }},
        [126] = { Time = 1.25, Transforms = {
            ["Left Shoulder"] = CFrame.new(0.085, -0.327, -0.048, 0.599, -0.470, 0.648, -0.572, 0.315, 0.758, -0.560, -0.825, -0.080),
            ["Right Shoulder"] = CFrame.new(0.467, -0.007, -1.229, 0.657, 0.256, 0.709, 0.701, 0.138, -0.700, -0.277, 0.957, -0.089),
            ["Right Hip"] = CFrame.new(0.120, -0.279, 0.035, 0.960, -0.092, -0.263, -0.088, 0.795, -0.600, 0.264, 0.600, 0.755),
            ["Neck"] = CFrame.new(-0.000, 0.000, -0.000, 0.467, 0.876, 0.120, -0.782, 0.345, 0.519, 0.414, -0.337, 0.846),
            ["Left Hip"] = CFrame.new(-0.618, 0.110, 0.127, 0.870, 0.489, 0.063, -0.372, 0.734, -0.569, -0.324, 0.472, 0.820),
            ["Motor6D"] = CFrame.new(0.000, -0.945, 0.000, 1.000, 0.000, 0.000, 0.000, 1.000, 0.000, 0.000, 0.000, 1.000),
            ["RootJoint"] = CFrame.new(0.011, -0.027, -0.656, 0.458, -0.764, 0.455, 0.822, 0.168, -0.544, 0.339, 0.623, 0.705),
        }},
        [127] = { Time = 1.26, Transforms = {
            ["Left Shoulder"] = CFrame.new(0.085, -0.327, -0.048, 0.601, -0.469, 0.648, -0.571, 0.315, 0.758, -0.559, -0.825, -0.079),
            ["Right Shoulder"] = CFrame.new(0.467, -0.007, -1.229, 0.659, 0.251, 0.708, 0.700, 0.137, -0.701, -0.273, 0.958, -0.086),
            ["Right Hip"] = CFrame.new(0.119, -0.279, 0.036, 0.960, -0.094, -0.265, -0.087, 0.796, -0.599, 0.267, 0.598, 0.756),
            ["Neck"] = CFrame.new(-0.000, 0.000, -0.000, 0.467, 0.876, 0.121, -0.782, 0.345, 0.519, 0.413, -0.337, 0.846),
            ["Left Hip"] = CFrame.new(-0.618, 0.110, 0.127, 0.870, 0.490, 0.062, -0.373, 0.735, -0.567, -0.323, 0.469, 0.822),
            ["Motor6D"] = CFrame.new(0.000, -0.945, 0.000, 1.000, 0.000, 0.000, 0.000, 1.000, 0.000, 0.000, 0.000, 1.000),
            ["RootJoint"] = CFrame.new(0.011, -0.027, -0.656, 0.459, -0.764, 0.454, 0.821, 0.169, -0.545, 0.339, 0.623, 0.705),
        }},
        [128] = { Time = 1.27, Transforms = {
            ["Left Shoulder"] = CFrame.new(0.085, -0.327, -0.048, 0.603, -0.467, 0.647, -0.571, 0.315, 0.758, -0.558, -0.826, -0.076),
            ["Right Shoulder"] = CFrame.new(0.467, -0.007, -1.229, 0.662, 0.246, 0.708, 0.700, 0.136, -0.702, -0.268, 0.960, -0.082),
            ["Right Hip"] = CFrame.new(0.119, -0.280, 0.037, 0.959, -0.096, -0.267, -0.086, 0.797, -0.598, 0.270, 0.596, 0.756),
            ["Neck"] = CFrame.new(-0.000, -0.000, -0.000, 0.467, 0.876, 0.122, -0.783, 0.345, 0.518, 0.411, -0.337, 0.847),
            ["Left Hip"] = CFrame.new(-0.618, 0.110, 0.127, 0.869, 0.491, 0.062, -0.375, 0.736, -0.564, -0.323, 0.467, 0.823),
            ["Motor6D"] = CFrame.new(0.000, -0.945, 0.000, 1.000, 0.000, 0.000, 0.000, 1.000, 0.000, 0.000, 0.000, 1.000),
            ["RootJoint"] = CFrame.new(0.010, -0.027, -0.656, 0.460, -0.764, 0.453, 0.820, 0.171, -0.546, 0.340, 0.623, 0.705),
        }},
        [129] = { Time = 1.28, Transforms = {
            ["Left Shoulder"] = CFrame.new(0.085, -0.327, -0.048, 0.605, -0.464, 0.647, -0.570, 0.316, 0.759, -0.556, -0.828, -0.073),
            ["Right Shoulder"] = CFrame.new(0.467, -0.007, -1.229, 0.666, 0.237, 0.707, 0.698, 0.134, -0.703, -0.262, 0.962, -0.076),
            ["Right Hip"] = CFrame.new(0.118, -0.281, 0.038, 0.958, -0.099, -0.270, -0.085, 0.799, -0.596, 0.275, 0.593, 0.756),
            ["Neck"] = CFrame.new(-0.000, -0.000, -0.000, 0.467, 0.876, 0.124, -0.784, 0.344, 0.517, 0.410, -0.338, 0.847),
            ["Left Hip"] = CFrame.new(-0.618, 0.110, 0.127, 0.868, 0.492, 0.062, -0.378, 0.737, -0.560, -0.321, 0.463, 0.826),
            ["Motor6D"] = CFrame.new(0.000, -0.945, 0.000, 1.000, 0.000, 0.000, 0.000, 1.000, 0.000, 0.000, 0.000, 1.000),
            ["RootJoint"] = CFrame.new(0.010, -0.027, -0.656, 0.462, -0.763, 0.451, 0.819, 0.172, -0.547, 0.340, 0.623, 0.705),
        }},
        [130] = { Time = 1.29, Transforms = {
            ["Left Shoulder"] = CFrame.new(0.085, -0.327, -0.048, 0.608, -0.461, 0.647, -0.569, 0.316, 0.759, -0.555, -0.829, -0.070),
            ["Right Shoulder"] = CFrame.new(0.467, -0.007, -1.229, 0.670, 0.229, 0.706, 0.697, 0.133, -0.705, -0.255, 0.964, -0.071),
            ["Right Hip"] = CFrame.new(0.117, -0.283, 0.040, 0.956, -0.103, -0.274, -0.084, 0.800, -0.594, 0.280, 0.591, 0.757),
            ["Neck"] = CFrame.new(-0.000, -0.000, -0.000, 0.466, 0.876, 0.126, -0.785, 0.344, 0.515, 0.408, -0.339, 0.848),
            ["Left Hip"] = CFrame.new(-0.618, 0.110, 0.127, 0.868, 0.493, 0.062, -0.380, 0.739, -0.557, -0.320, 0.460, 0.829),
            ["Motor6D"] = CFrame.new(0.000, -0.945, 0.000, 1.000, 0.000, 0.000, 0.000, 1.000, 0.000, 0.000, 0.000, 1.000),
            ["RootJoint"] = CFrame.new(0.010, -0.027, -0.656, 0.464, -0.763, 0.450, 0.818, 0.174, -0.548, 0.340, 0.623, 0.705),
        }},
    }
}
